2684036973;Warning;Ostrzeżenie;
1383514699;Error;Błąd;
3350521973;Information;Informacja;
1316644629;Confirm;Potwierdź;
3947195745;Yes;Tak;
2146190508;No;Nie;
2358828542;Help;Pomoc;
2720647744;Abort;Przerwij;
3837656356;Retry;Spróbuj ponownie;
2139218608;Ignore;Ignoruj;
160641241;All;Wszystko;
2814388637;No to All;Nie dla wszystkich;
3416892858;Yes to &All;Tak dla wszystkich;
3028112581;Close;Zamknij;
3015914663;Append;Dołącz;
13974256;Group only;Tylko grupę;
1738888091;Group and contents;Grupę z zawartością;
13089855;Do not show again;Nie pokazuj ponownie;
2303309233;inches;cale;
1022930637;cm;cm;
1580650421;mm;mm;
3651598543;pixels;piksele;
2306315615;bytes;bajty;
1975969638;MB;MB;
1987705820;GB;GB;
67569897;KB;KB;
3292284349;dpi;dpi;
1856824032;seconds;sekundy;
44042547;minutes;minuty;
2174184467;hours;godziny;
2928202106;%;%;
2261658832;°;°;
3922563459;px;px;
3757181610;BkSp;Backspace;
458111812;Tab;Tab;
2931467773;Esc;Esc;
2131123758;Enter;Enter;
4244691848;PgUp;Page Up;
3769246063;PgDn;Page Down;
703949232;End;End;
4286021847;Del;Del;
3429527308;Home;Home;
3626182864;Left;Lewo;
2037761779;Up;Góra;
1624670918;Right;Prawo;
2643773698;Down;Dół;
278209256;Num Lock;Num Lock;
503333868;Paragraph;Paragraf;
2640294868;Shift+;Shift+;
1358866094;Ctrl+;Ctrl+;
3164540656;Alt+;Alt+;
3164405955;Cmd+;Cmd+;
1384579703;Left Win;Lewy Win;
3957684733;Right Win;Prawy Win;
3762251484;Application;Aplikacja;
601449554;Clear;Wyczyść;
92327832;Scroll Lock;Scroll Lock;
1681734150;Break;Break;
3115882223;Left Shift;Lewy Shift;
1829977296;Right Shift;Prawy Shift;
1785340827;Left Ctrl;Lewy Ctrl;
225365541;Right Ctrl;Prawy Ctrl;
2507657643;Left Alt;Lewy Alt;
398086036;Right Alt;Prawy Alt;
2386186776;Caps Lock;Caps Lock;
3018309931;Oem \;Oem \;
3032528430;Space;Spacja;
640115520;Next;Dalej;
1955921717;Back;Wstecz;
3166705620;Ins;Insert;
3321319668;Pause;Pause;
2152677429;Camera;Kamera;
1445785277;BrowserBack;Browser Back;
1242435894;HardwareBack;Hardware Back;
923673361;Num;Num Lock;
1241407640;x;x;Normally no translation needed
1509019513;Could not complete your request because one or more parameters are not valid.;Nie można zrealizować żądania, ponieważ co najmniej jeden parametr jest nieprawidłowy.;
7148880;An unknown error has occurred (Error: %d).;Wystąpił nieznany błąd (błąd: %d).;
3531790986;Could not complete your request because the file format is not supported.;Nie można zrealizować żądania, ponieważ format pliku nie jest obsługiwany.;
3846059762;An unknown error has occurred while reading data.;Wystąpił nieznany błąd podczas odczytu danych.;
628596576;An unknown error has occurred while writing data.;Wystąpił nieznany błąd podczas zapisu danych.;
870038928;Could not complete your request because the command is not supported.;Nie można zrealizować żądania, ponieważ polecenie nie jest obsługiwane.;
2754284583;Cannot read the file "%s".;Nie można odczytać pliku "%s".;
2492620769;Cannot create or modify the file "%s".;Nie można utworzyć lub zmodyfikować pliku "%s".;
709797975;The version of the file "%s" is not supported.;Wersja pliku "%s" nie jest obsługiwana.;
2119534757;Cannot find the file "%s".;Nie można odnaleźć pliku "%s".;
2689859593;Could not complete your request because a tool is still in use.;Nie można zrealizować żądania, ponieważ narzędzie jest nadal w użyciu.;
2145079237;Open;Otwórz;
3376890595;Blending change;Zmień mieszanie;
1925778122;New layer;Nowa warstwa;
2811239440;New layer group;Nowa grupa warstw;
3986145156;Layer properties;Właściwości warstwy;
1839160406;Delete layer;Usuń warstwę;
3624563179;Delete layer group;Usuń grupę warstw;
3105136995;Duplicate layer;Powiel warstwę;
4202320692;Duplicate layer group;Powiel grupę warstw;
3155045711;Merge down;Połącz niższe;
3979440463;Merge layer group;Połącz grupę warstw;
1905006948;Merge visible;Połącz widoczne;
1427361677;Flatten document;Spłaszcz dokument;
4253478201;Send backward;Przesuń do tyłu;
770777443;Bring forward;Przesuń do przodu;
4294571674;Send to back;Umieść w tle;
991656125;Bring to front;Przesuń na wierzch;
233522055;Ungroup layers;Rozgrupuj warstwy;
3759086079;Lock all layers in group;Zablokuj wszystkie warstwy w grupie;
20334735;Convert background;Konwertuj tło;
3739520131;Convert layer;Konwertuj warstwę;
3213844861;Clear impasto;Czyść impast;
3178082378;Expand layer;Rozwiń warstwę;
1466145736;Layer opacity change;Zmień krycie warstwy;
1254061632;New selection;Nowe zaznaczenie;
1608453607;Delete selection;Usuń wybrane;
2720729028;Selection properties;Właściwości wyboru;
2059018377;Duplicate selection;Powiel wybór;
3824190190;Paste;Wklej;
663479052;Cut;Wytnij;
2008662730;Delete;Usuń;
977584210;Document mode;Tryb dokumentu;
2704683293;Duplicate document;Powiel dokument;
3674147906;Fill;Wypełnienie;
2914346112;Impasto properties;Właściwości impast;
2382740143;Canvas size;Rozmiar płótna;
1551270132;Document size;Rozmiar dokumentu;
1492360048;Rotate canvas;Obróć płótno;
363080588;Flip canvas vertical;Odbicie pionowe;
1584026382;Flip canvas horizontal;Odbicie poziome;
3450685375;Crop;Przytnij;
2662924940;Select canvas;Wybierz płótno;
632662779;Deselect;Odznacz;
3615698562;Select inverse;Odwróć zaznaczenie;
3784885386;Feather;Wtapianie;
2470771432;Contract;Zwęż;
4175978990;Expand;Rozszerz;
1454409850;Grow;Zwiększ;
878544803;Load selection;Wczytaj zaznaczenie;
3581266806;Save selection;Zapisz zaznaczenie;
150824285;New guide;Nowa prowadnica;
934968069;Clear guides;Wyczyść prowadnice;
1794506245;Rasterize layer;Rasteryzuj warstwę;
3243883983;Move layer;Przesuń warstwę;
2687424369;Drag guide;Przeciągnij prowadnicę;
3162872483;Selection tool;Narzędzie zaznaczania;
2161713970;Move selection;Przenieś zaznaczone;
591794241;Free transform;Przekształć swobodnie ;
46403304;Transform selection;Zaznacz przekształcenie;
611353025;Flip layer vertical;Odwróć warstwę pionowo;
2382842330;Flip layer horizontal;Odwróć warstwę poziomo;
697722098;Deskew;Prostowanie;
3121464829;Map gradient;Mapuj gradient;
4285898777;Content-Aware scale;Skaluj z uwzględnieniem zawartości;
3225118920;Clone document;Powiel dokument;
3894021700;Untitled %d;Bez nazwy %d;
3072785690;%s Copy;%s Kopia;
572085195;%s Recovered;%s Odzyskany;
1053156133;Clone of %s;Klon %s;
3075464692;Background;Tło;
2765723362;Layer %d;Warstwa %d;
3799652762;Group %d;Grupa %d;
2602251905;Selection %d;Zaznaczenie %d;
2095195035;Creating new document;Tworzenie nowego dokumentu;
3037062381;Creating new layer;Tworzenie nowej warstwy;
853412133;Checking for updates;Sprawdzanie dostępności aktualizacji;
3422908374;Reading document;Odczytywanie dokumentu;
137769928;Writing document;Zapisywanie dokumentu;
163425416;Reading file;Odczytywanie pliku;
2072436645;Writing file;Zapisywanie pliku;
3268687254;Processing command;Przetwarzanie polecenia;
3872943257;Creating new selection;Tworzenie nowego zaznaczenia;
4057128683;Printing document;Drukowanie dokumentu;
2724365063;Downloading update;Pobieranie aktualizacji;
266774323;Installing update;Instalowanie aktualizacji;
3427384226;Artweaver Document (*.Awd);Dokument Artweaver (*.Awd);
1025663834;Could not complete your request because this is not a valid Artweaver document.;Nie można zrealizować żądania, ponieważ nie jest to prawidłowy dokument Artweaver.;
3793225943;Some text layers contain fonts that are missing. The missing fonts were replaced by a default font. Missing fonts: %s.;Niektóre warstwy tekstowe zawierają czcionki, które są niedostępne. Brakujące czcionki zostały zastąpione domyślną czcionką. Brakujące czcionki: %s.;
1463948931;Some text layers in the document where updated. Therefore they can differ from the original version.;Niektóre warstwy tekstowe w dokumencie zostały zaktualizowane. Mogą się one różnić od wersji oryginalnej.;
3952994028;This document contains events which are not supported by this Artweaver version. Those events will be ignored.;Ten dokument zawiera wydarzenia, które nie są obsługiwane przez tę wersję Artweaver. Wydarzenia te zostaną zignorowane.;
1210024428;Those events were created with a newer version of Artweaver. Therefore they can differ from the original version. Continue?;To wydarzenie zostało utworzone za pomocą nowszej wersji Artweaver. Może się ono różnić od wersji oryginalnej. Kontynuować?;
3918576910;%d events were successfully replayed in %s.;%d wydarzeń zostało pomyślnie odtworzonych w ciągu %s.;
3312977572;The event file is protected. Therefore events can only be replayed.;Plik wydarzenia jest chroniony. Możliwe jest tylko odtworzenie wydarzenia.;
1641941072;The event file contains unsupported events. Those events were ignored.;Plik wydarzeń zawierał nieobsługiwane wydarzenia. Wydarzenia te zostały zignorowane.;
528416010;Events replaying was stopped.;Odtwarzanie wydarzeń zostało zatrzymane.;
2059860308;Those events were created with an older version of Artweaver. Therefore they can differ from the original version. Continue?;To wydarzenie zostało utworzone za pomocą starszej wersji Artweaver. Może się ono różnić od wersji oryginalnej. Kontynuować?;
4238780336;Copy;Kopiuj;
2890530876;Select All;Zaznacz wszystko;
2973343874;Render;Renderowanie;
1954494821;Sharpen;Wyostrzanie;
263248435;Stylize;Stylizacja;
5417095;Noise;Szum;
1824330176;Texture;Tekstura;
2504809578;Distort;Zniekształcanie;
12853564;Blur;Rozmycie;
2418833121;Other;Inne;
3591506820;Image size: %s;Rozmiar obrazu: %s;
2181017863;Custom;Niestandardowy;
1151198715;Select color:;Wybierz kolor:;
2880416754;Save preset;Zapisz ustawienie predefiniowane;
1251019015;Name:;Nazwa:;
466340113;That preset already exists. Please choose a different name for this preset.;Ten schemat już istnieje. Wybierz inną nazwę dla tego schematu.;
2170243135;Delete the preset "%s"?;Usunąć ustawienie predefiniowane "%s"?;
1721666890;Initializing Application;Inicjowanie aplikacji;
2609406103;Loading Fonts;Wczytywanie czcionek;
1627500565;Initializing Plugins;Inicjowanie wtyczek;
10176514;Loading Plugin: %s;Wczytywanie wtyczki: %s;
208486492;Initializing Devices;Inicjowanie urządzeń;
3228844656;Initializing Tools;Inicjowanie narzędzi;
2400864514;%d-bit;%d bitowy;
3516519512;Save changes to "%s" before closing?;Zapisać zmiany w "%s" przed zamknięciem?;
1277264673;All text layers must be rasterized before proceeding. The text will no longer be editable. Rasterize all text?;Wszystkie warstwy tekstowe muszą zostać poddane rasteryzacji przed kontynuowaniem. W przypadku rasteryzacji ich tekst nie będzie już dostępny do edycji. Zrasteryzować cały tekst?;
3931265126;This text layer must be rasterized before proceeding. Its text will no longer be editable. Rasterize the text?;Ta warstwa tekstowa musi zostać poddana rasteryzacji przed kontynuowaniem. W przypadku rasteryzacji jej tekst nie będzie już dostępny do edycji. Zrasteryzować tekst?;
706345020;The following features are not supported by this file format and may not saved or may saved only partially:;Następujące funkcje nie są wspierane przez ten format pliku i mogą zostać niezapisane lub zostaną zapisane tylko częściowo:;
1198427438;16-bit mode;Tryb 16 bitowy;
1940269300;Layers;Warstwy;
3726802748;Text layers;Warstwy tekstu;
4081257166;Group layers;Warstwy grup;
4190212796;Impasto;Impast;
3495830920;Selections;Zaznaczenia;
1792742400;Misc data;Pozostałe dane;
2747022868;New tablet tool detected: %s;Wykryto nowy tablet: %s;
3159028245;Pen;Pióro;
4288114627;%d pixels x %d pixels, Res. %d dpi;%d pikseli x %d pikseli, rozdzielczość %d dpi;StatusBar
4112834193;Memory: %s/%s;Pamięć: %s/%s;StatusBar
622164519;Doc: %s/%s;Dokument: %s/%s;StatusBar
2952303353;Layers: %d;Warstwy: %d;StatusBar
2735215691;File Sizes;Rozmiar pliku;
1404559137;Document Dimensions;Wymiary dokumentu;
4183019427;Current Tool;Aktualne narzędzie;
215027435;Memory Usage;Zużycie pamięci;
2222868119;Layer Count;Liczba warstw;
1352615390;All Formats;Wszystkie formaty;
4125870743;Delete the layer group "%s" and its contents or delete only the group?;Usunąć grupę warstw "%s" wraz z zawartością, czy tylko grupę?;
3418012071;Delete the layer "%s" ?;Usunąć warstwę "%s"?;
419987236;Apply impasto effect before deleting it?;Zastosować efekt impast przed usunięciem?;
4063873111;New;Nowy;
1545878057;Select foreground color:;Wybierz kolor pierwszoplanowy:;
4119161627;Select background color:;Wybierz kolor tła:;
720137970;A new version of %s is available!;Dostępna jest nowa wersja %s!;
1710256034;There is an update for %s available. Would you like to download and install it now?;Dostępna jest aktualizacja %s. Czy chcesz ją teraz pobrać i zainstalować?;
4019339682;No updates are available. Your %s version is up to date.;Brak dostępnych aktualizacji. Twoja wersja %s jest aktualna.;
3565179902;An unknown error occurred while checking for %s updates.;Wystąpił nieznany błąd podczas sprawdzania dostępności aktualizacji %s.;
1408580451;An unknown error occurred while updating %s.;Wystąpił nieznany błąd podczas aktualizacji %s.;
1987030760;About %s;O programie %s;
3905028885;Version %s;Wersja %s;
40672744;All rights reserved.;Wszelkie prawa zastrzeżone.;
1374241700;This product is licensed.;Ten produkt jest licencjonowany.;
43679921;LIMITED TEST VERSION;LIMITOWANA WERSJA TESTOWA;Keep upper case
3980243755;Serial number: %s;Numer seryjny: %s;
977612631;The application %s has encountered an unknown error. We are sorry for the inconvenience.;Aplikacja %s napotkała na nieznany błąd. Przepraszamy za niedogodności.;
1902660559;An error report has been created that can be sent to the manufacturer to improve %s. This error report will be treated confidential and anonymous.;Został utworzony raport o błędzie, który możesz wysłać do producenta, aby pomóc w ulepszeniu %s. Raport ten będzie traktowany jako poufny i anonimowy.;
2764871366;Send Error Report;Wyślij raport o błędzie;
2468907685;General;Ogólne;
1658391442;Size;Rozmiar;
3554050009;Grain;Ziarno;
3542086184;Angle;Kąt;
3322206477;Spacing;Odstęp;
1581511534;Stroke;Pociągnięcie;
2172995485;Blending;Mieszanie;
1236179655;Jitter;Drganie;
41601013;Bristles;Włosie;
1293750044;Water;Woda;
3201854463;± R:;± R:;
3974228618;± G:;± G:;
2089293778;± B:;± B:;
14178227;± H:;± H:;
4224845000;± S:;± S:;
1719569133;± L:;± L:;
1740619647;Brush tip profile;Profil końcówki pędzla;Tooltip
3550515395;%s expression;Ekspresja %s;Tooltip
3170941579;Opacity;Krycie;Tooltip
1211954511;Feature;Funkcja;Tooltip
2015866820;Flow;Przepływ;Tooltip
4266510247;Rate;Współczynnik;Tooltip
1983914030;Merge Opacity;Scal krycie;Tooltip
847470083;Resaturation;Nasycenie;Tooltip
2017453833;Bleed;Nasączenie;Tooltip
3912999088;Smooth;Wygładź;Tooltip
1976650953;Invert %s expression;Odwróć ekspresję %s;Tooltip
2210711187;Paper;Papier;Tooltip
2568590507;Gradient;Gradient;Tooltip
3520818798;Custom Shape;Niestandardowy kształt;Tooltip
3266818337;Brushes;Pędzle;Tooltip
2245287417;Replace current color set with with the default colors?;Zastąpić obecny zestaw kolorów domyślnymi kolorami?;
3771309432;Replace current color set with the swatches from "%s"?;Zastąpić obecny zestaw kolorów próbkami z "%s"?;
1887522262;Delete the selection "%s"?;Usunąć zaznaczenie "%s"?;
1750600258;Undo;Cofnij;
1183668092;Undo: %s;Cofnij: %s;
1698530358;Redo;Ponów;
4173513749;Redo: %s;Ponów: %s;
793642598;Background from Layer;Warstwa z tła;
3440584842;Layer from Background...;Warstwa z tła...;
846801324;Merge Layer Group;Połącz grupę warstw;
48322576;Merge Down;Połącz niższe;
3465367261;Show Grid;Pokaż siatkę;
3387057969;Hide Grid;Ukryj siatkę;
2322000277;Show Perspective Grid;Pokaż siatkę perspektywy;
2759136935;Hide Perspective Grid;Ukryj siatkę perspektywy;
2215618324;Show Guides;Pokaż prowadnice;
922939384;Hide Guides;Ukryj prowadnice;
2083465464;Show Impasto;Pokaż impast;
2328415254;Hide Impasto;Ukryj impast;
2909972071;Show %s;Pokaż %s;
2666207943;Hide %s;Ukryj %s;
1290275875;Last Filter;Ostatni filtr;
271111202;Artweaver was unexpectedly quit. There are recovery information of all previous opened documents available. Do you want to restore them?;Artweaver został nieoczekiwanie zamknięty. Kopia zapasowa dysponuje informacjami o wszystkich poprzednio otwartych dokumentach. Czy chcesz je przywrócić?;
2465181173;%d documents were successfully restored from the last recovery information;%d dokument został pomyślnie przywrócony z ostatniej kopii zapasowej.;
1839489076;This cannot be undone. Continue?;Nie można tego cofnąć. Kontynuować?;
1965083060;About %s...;O programie %s...;
2758567827;Services;Usługi;macOS app menu
1255040651;Hide Others;Ukryj pozostałe;macOS app menu
1226127106;Show All;Pokaż wszystkie;macOS app menu
1041381242;Quit %s;Zakończ %s;macOS app menu
2723994931;The new canvas size is smaller than the current canvas size; some clipping will occur. Proceed?;Rozmiar nowego płótna jest mniejszy niż obecnego. Część obrazu może zostać przycięta. Kontynuować?;
4176105785;Current Size: %s;Aktualny rozmiar: %s;
3576577239;New Size: %s;Nowy rozmiar: %s;
2319013441;Property Bar;Pasek właściwości;
9303759;Button Bar;Pasek przycisków;
181666698;Tools;Narzędzia;
3665999836;Save Palettes Layout;Zapisz układ palet;
217854901;New palette layout;Nowy układ palety;
523973868;Select text color:;Wybierz kolor tekstu:;
2274371078;Regular;Regularna;
63394997;Italic;Kursywa;
2262911997;Bold;Pogrubienie;
1806076683;Bold Italic;Pogrubiona kursywa;
3262803700;Sample;Przykład;
350700876;Thank you for installing %s;Dziękujemy za zainstalowanie %s;
2477023105;This is an unregistered version of %s. Please enter your license key to unlock all features of %s.;To jest niezarejestrowana wersja %s. Wprowadź swój klucz licencyjny, aby odblokować wszystkie funkcje %s.;
2984207593;If you do not have a license key yet, please visit <a href="web">www.artweaver.de</a> to buy a license key or to upgrade a license key from any previous %s version.;Jeśli nie posiadasz jeszcze klucza licencyjnego, odwiedź <a href="web">www.artweaver.de</a>, aby kupić klucz licencyjny lub zaktualizować klucz licencyjny z poprzedniej wersji %s.;
3806030483;You may test %s without requiring a license key for a limited time whereby some features are no longer available after the test period has expired.;Możesz testować %s bez konieczności posiadania klucza licencyjnego przez ograniczony czas, przy czym niektóre funkcje nie będą dostępne po wygaśnięciu okresu testowego.;
4182604768;Enter license key;Wpisz klucz licencyjny;
318691426;Test %s;Testuj %s;
302070467;Please enter your license key for %s below including dashes (-), numbers and letters and click "Next".;Wprowadź swój klucz licencyjny dla %s, uwzględniając myślniki (-), cyfry i litery, a następnie kliknij "Dalej".;
3341891625;You can find this in the confirmation email you have received after buying a %s license.;Możesz go znaleźć w wiadomości e-mail z potwierdzeniem otrzymanym po zakupie licencji %s.;
4251031196;If you need help please visit <a href="web">www.artweaver.de</a> or write an email to <a href="mail">support@artweaver.de.</a>;Jeśli potrzebujesz pomocy, odwiedź stronę <a href="web">www.artweaver.de</a> lub napisz e-mail na adres <a href="mail">support@artweaver.de</a>.;
4209619776;The license key you entered is invalid. Please enter a valid %s license key.;Wprowadzony klucz licencyjny jest nieprawidłowy. Wpisz prawidłowy klucz licencyjny %s.;
2968616411;Thank you for licensing %s;Dziękujemy za zakup licencji %s;
1952562228;This version of %s is fully licensed and all features are available without any restrictions.;Ta wersja %s posiada pełną licencję. Wszystkie funkcje są dostępne bez żadnych ograniczeń.;
2852700399;%d days remaining to test %s;Pozostało %d dni okresu testowego %s;
177153347;The test period has expired;Okres testowy wygasł;
932116825;After the test period the following features are no longer available in %s:;Po okresie testowym następujące funkcje nie będą już dostępne w %s:;
2260725225;The following features are no longer available in %s:;Następujące funkcje nie są już dostępne w %s:;
3311084788;• Save documents;• Zapis dokumentów;
3442432598;• Save presets;• Zapis ustawień predefiniowanych;
1892652179;• Export documents;• Eksport dokumentów;
2554322789;• Save events;• Zapis wydarzeń (eventów);
1821589879;• Print documents;• Wydruk dokumentów;
4228442524;Interface;Interfejs;
3169043848;Painting;Malowanie;
1729169857;File handling;Obsługa plików;
2077747261;Performance;Wydajność;
3312190528;%% (%s of total %s);%% (%s z %s);
3274459286;Transparency && units;Przezroczystość i jednostki;
3090951325;Guides && grid;Siatka i prowadnice;
4281882273;Language;Język;
492842459;Update;Aktualizacja;
2809137135;Advanced;Zaawansowane;
757886936;All warnings, which were hidden by the "Do not show again" option, will be shown again.;Wszystkie ostrzeżenia, które zostały ukryte za pomocą opcji "Nie pokazuj ponownie", zostaną ponownie wyświetlone.;
652087628;Current shortcut set;Aktualny zestaw skrótów;
490982663;Application menu command;Polecenie menu aplikacji;
527707448;Tool palette command;Polecenia narzędzi;
3824745801;Misc command;Różne polecenia;
2170442481;Hand tool;Rączka;
699825733;Zoom tool;Lupa;
1529406031;Brush tool;Pędzel;
3681885835;Dropper tool;Kroplomierz;
571815819;Rotate View tool;Obróć widok;
1255343356;Move tool;Przesunięcie;
2455867209;Shape Selection tool;Wybór kształtu;
660379521;Magic Wand tool;Magiczna różdżka;
4231212950;Lasso tool;Lasso;
4030237468;Crop tool;Kadrowanie;
2593970013;Paint Bucket tool;Wypełnienie;
3616061656;Perspective Grid tool;Siatka perspektywy;
3315793619;Shape tool;Kształt;
2445946666;Gradient tool;Gradient;
3743930072;Text tool;Tekst;
564190265;Eraser tool;Gumka;
233037778;Stamp tool;Stempel;
3027009029;Switch foreground and background colors;Przełącz kolor pierwszoplanowy i kolor tła;
2607453140;Select layer content;Zaznacz zawartość warstwy;
4236970439;Delete selection content;Usuń zaznaczoną zawartość;
591928593;Increase brush size;Zwiększ rozmiar pędzla;
2696883343;Decrease brush size;Zmniejsz rozmiar pędzla;
294796;Increase brush opacity;Zwiększ krycie pędzla;
499842083;Decrease brush opacity;Zmniejsz krycie pędzla;
3399221260;Center document;Wyśrodkuj dokument;
1573945754;Incrase brush grain;Zwiększ ziarno pędzla;
721226632;Decrease brush grain;Zmniejsz ziarno pędzla;
1106927876;Switch brush tool mode;Przełącz tryb pędzla;
1738289584;Reset document rotation;Zresetuj obrót dokumentu;
559092420;Foreground color picker;Próbnik koloru pierwszoplanowego;
2181132696;Background color picker;Próbnik koloru tła;
132497699;Previous document;Poprzedni dokument;
469388560;Next document;Następny dokument;
3012223826;Document zoom in;Powiększ dokument;
1052127466;Document zoom out;Pomniejsz dokument;
265562915;Document rotate CW;Obróć dokument w prawo;
2597592960;Document rotate CCW;Obróć dokument w lewo;
240293034;Document rotate 90°;Obróć dokument o 90°;
173267503;Document rotate 180°;Obróć dokument o 180°;
2910549121;Document rotate 270°;Obróć dokument o 270°;
1952808969;Switch brush tool mirror painting;Przełącz narzędzie do malowania lustrzanego;
2021916544;To edit keyboard shortcuts:;Aby zmienić skróty klawiszowe:;
3859038148;1) Select a set to modify.;1) Wybierz zestaw do modyfikacji.;
1227891827;2) Click on a command and press the keyboard shortcut to assign.;2) Kliknij polecenie i wciśnij skrót klawiszowy do przypisania.;
2564862438;3) Save the set when you are done editing to save all your changes.;3) Po zakończeniu edycji zapisz zestaw, aby zapisać wszystkie zmiany.;
2344240460;The shortcut "%s" is already in use. Please choose another shortcut.;Skrót "%s" jest już w użyciu. Wybierz inny skrót.;
977363317;%s is not a valid shortcut. A valid shortcut must contain the ctrl/shift key or a function key.;%s nie jest prawidłowym skrótem. Prawidłowy skrót musi zawierać klawisz ctrl/shift lub klawisz funkcyjny.;
2259042771;%s is not a valid shortcut. A valid shortcut for tools can only contain chars between A and Z.;%s nie jest prawidłowym skrótem. Prawidłowy skrót dla narzędzi może zawierać wyłącznie znaki od A do Z.;
2015657312;The pressed key cannot be used as shortcut.;Wciśnięty klawisz nie może zostać użyty jako skrót.;
1250789621;Save shortcut set;Zapisz zestaw skrótów;
370215889;That shortcut set already exists. Please choose a different name for this shortcut set.;Ten zestaw skrótów już istnieje. Wybierz inną nazwę dla tego zestawu skrótów.;
1445645331;Delete the shortcut set "%s"?;Usunąć ustawienia skrótu klawiszowego "%s"?;
3511167196;Artweaver Keyboard Shortcuts;Skróty klawiszowe Artweaver;Page Title
471877264;Application menu;Menu aplikacji;Table Title
3268647187;Command;Polecenie;Table Title
1915276892;Shortcut;Skrót;Table Title
167140931;Tool;Narzędzie;Table Title
3857322259;Rename custom palette;Zmień nazwę niestandardowej palety;
2156442286;That custom palette already exists. Please choose a different name for this custom palette.;Ta niestandardowa paleta już istnieje. Wybierz inną nazwę dla tej niestandardowej palety.;
3825843618;Delete the custom palette "%s"?;Usunąć niestandardową paletę "%s"?;
4117113754;Custom palette %d;Niestandardowa paleta %d;
1089773485;New custom palette;Nowa niestandardowa paleta;
474881838;Delete the command "%s"?;Usunąć polecenie "%s"?;
794032457;Rename variant;Zmień nazwę wariantu;
2524746706;That variant already exists. Please choose a different name for this variant.;Ten wariant już istnieje. Wybierz inną nazwę dla tego wariantu.;
2811253052;Rename category;Zmień nazwę kategorii;
2484944877;That category already exists. Please choose a different name for this category.;Ta kategoria już istnieje. Wybierz inną nazwę dla tej kategorii.;
681206727;Rename paper;Zmień nazwę papieru;
1829406559;That paper already exists. Please choose a different name for this paper.;Ten papier już istnieje. Wybierz inną nazwę dla tego papieru.;
4175118320;Rename imagestamp;Zmień nazwę stempla graficznego;
986801946;That imagestamp already exists. Please choose a different name for this imagestamp.;Ten stempel graficzny już istnieje. Wybierz inną nazwę dla tego stempla graficznego.;
343818503;Rename captured;Zmień nazwę przechwycenia;
148646037;That captured already exists. Please choose a different name for this captured.;To przechwycenie już istnieje. Wybierz inną nazwę dla tego przechwycenia.;
2020772464;Rename gradient;Zmień nazwę gradientu;
1369790141;That gradient already exists. Please choose a different name for this gradient.;Ten gradient już istnieje. Wybierz inną nazwę dla tego gradientu.;
2428938001;Rename custom shape;Zmień nazwę niestandardowego kształtu;
3825103595;That custom shape already exists. Please choose a different name for this custom shape.;Ten niestandardowy kształt już istnieje. Wybierz inną nazwę dla tego niestandardowego kształtu.;
345755875;Delete the variant "%s"?;Usunąć wariant "%s"?;
1888132053;Delete the category "%s"?;Usunąć kategorię "%s"?;
2586330743;Delete the paper "%s"?;Usunąć papier "%s"?;
470624613;Delete the imagestamp "%s"?;Usunąć stempel graficzny "%s"?;
1844415397;Delete the captured "%s"?;Usunąć przechwycenie "%s"?;
2283065769;Delete the gradient "%s"?;Usunąć gradient "%s"?;
74552920;Delete the custom shape "%s"?;Usunąć niestandardowy kształt "%s"?;
949990386;Do you want to create your own default for this variant?;Czy chcesz utworzyć własne ustawienia domyślne dla tego wariantu?;
3406662701;Really delete all current variants and restore to original state?;Naprawdę usunąć wszystkie obecne warianty i przywrócić je do stanu pierwotnego?;
3445616620;Imagestamps (*.Ims)|*.ims;Stemple graficzne (*.Ims)|*.ims;Preset import/export dialog filter
1797742090;Captured (*.Cbr)|*.cbr;Przechwycone (*.Cbr)|*.cbr;Preset import/export dialog filter
910033243;Gradients (*.Grd)|*.grd;Gradienty (*.Grd)|*.grd;Preset import/export dialog filter
1919676968;Brushes (*.Pbv)|*.pbv;Pędzle (*.Pbv)|*.pbv;Preset import/export dialog filter
3352120558;ABR Brushes (*.Abr)|*.abr;Pędzle ABR (*.Abr)|*.abr;Preset import/export dialog filter
4253492584;Papers (*.Pap)|*.pap;Papiery (*.Pap)|*.pap;Preset import/export dialog filter
2895651332;Custom Shapes (*.Ash)|*.ash;Niestandardowe kształty (*.Ash)|*.ash;Preset import/export dialog filter
1726700026;Could not complete your request because the preset file is not supported or does not contain any items.;Nie można zrealizować żądania, ponieważ plik ustawień predefiniowanych nie jest obsługiwany lub nie zawiera żadnych elementów.;
1963150587;%d new paper items were successfully imported.;%d nowe elementy papieru zostały pomyślnie zaimportowane.;
1365908643;%d new imagestamp items were successfully imported.;%d nowe elementy stempla graficznego zostały pomyślnie zaimportowane.;
1502464800;%d new gradient items were successfully imported.;%d nowe elementy gradientu zostały pomyślnie zaimportowane.;
1622018045;%d new captured items were successfully imported.;%d nowe elementy przechwycenia zostały pomyślnie zaimportowane.;
3563781222;%d new custom shape items were successfully imported.;%d nowe elementy o niestandardowych kształtach zostały pomyślnie zaimportowane.;
156477654;%d new color set swatches were successfully imported.;%d nowy zestaw próbek kolorów został pomyślnie zaimportowany.;
1200693391;New brushes were imported:;Zaimportowano nowe pędzle:;
579752694;ABR Brush;Pędzel ABR;
3017130091;"%s" in category "%s";"%s" w kategorii "%s";
1702710638;Create new category;Utwórz nową kategorię;
4223454064;Capture Brush...;Przechwyć pędzel...;
2876243386;Edit Captured;Edytuj przechwycenie;
965197243;Generate Captured...;Generuj przechwycenie...;
1815636277;List;Lista;
2585065770;Thumbnail;Miniatura;
1825188791;Rename Captured...;Zmień nazwę przechwycenia...;
1838378220;Delete Captured;Usuń przechwycenie;
2995374171;Captured as Command...;Przechwycenie jako polecenie...;
624275967;Preset Manager...;Menedżer ustawień...;
707581685;Import Captured...;Importuj przechwycenie...;
2362255592;Export Captured...;Eksportuj przechwycenie...;
4211782756;Capture Brush;Przechwyć pędzel;
2669492328;New captured;Nowe przechwycenie;
36734191;Generate Captured;Generuj przechwycenie;
3796060451;Capture Paper...;Przechwyć papier...;
3388964089;Edit Paper;Edytuj papier;
953903517;Save Paper...;Zapisz papier...;
1599625419;Rename Paper...;Zmiana nazwy papieru...;
906518619;Delete Paper;Usuń papier;
3289404528;Paper as Command...;Papier jako polecenie...;
21520569;Import Paper...;Importuj papier...;
2460745551;Export Paper...;Eksportuj papier...;
343815803;Capture Paper;Przechwyć papier;
3201477347;New paper;Nowy papier;
1023882380;Save paper;Zapisz papier;
4214767292;Capture Imagestamp...;Przechwyć stempel graficzny...;
518248420;Edit Imagestamp;Edytuj stempel graficzny;
777925467;Rename Imagestamp...;Zmień nazwę stempla graficznego...;
3609584431;Delete Imagestamp;Usuń stempel graficzny;
3398012146;Imagestamp as Command...;Stempel graficzny jako polecenie...;
2550804741;Import Imagestamp...;Importuj stempel graficzny...;
2060629440;Export Imagestamp...;Eksportuj stempel graficzny...;
600254732;Capture Imagestamp;Przechwyć stempel graficzny;
359194848;New imagestamp;Nowy stempel graficzny;
1579361768;Capture Gradient...;Przechwyć gradient...;
813361000;Map Gradient;Mapuj gradient;
4101248880;Edit Gradient...;Edytuj gradient...;
24211273;Save Gradient...;Zapisz gradient...;
3914822617;Rename Gradient...;Zmień nazwę gradientu...;
3001574280;Delete Gradient;Usuń gradient;
100500230;Gradient as Command...;Gradient jako polecenie...;
1689033650;Import Gradient...;Importuj gradient...;
2401905632;Export Gradient...;Eksportuj gradient...;
1085815034;Capture Gradient;Przechwyć gradient;
2391725410;New gradient;Nowy gradient;
2228158577;Save gradient;Zapisz gradient;
2627881923;Rename Custom Shape...;Zmień nazwę niestandardowego kształtu...;
4066411843;Delete Custom Shape;Usuń niestandardowy kształt...;
3828593899;Import Custom Shape...;Importuj niestandardowy kształt...;
2619668052;Save Variant...;Zapisz wariant...;
2703397285;Rename Variant...;Zmień nazwę wariantu...;
715651287;Delete Variant;Usuń wariant;
3454597290;Set Default Variant;Ustaw domyślny wariant;
2101104632;Variant as Command...;Wariant jako polecenie...;
3157293123;Rename Category...;Zmień nazwę kategorii...;
1217983501;Delete Category;Usuń kategorię;
3783640257;Category View;Widok kategorii;
3622442972;Variant View;Widok wariantu;
3145918837;Stroke Thumbnail;Miniatura pociągnięcia;
3079975146;Restore Default Variant;Przywróć domyślny wariant;
582285317;Restore All Default Variants;Przywróć wszystkie domyślne warianty;
35160876;Import Brush...;Importuj pędzel...;
2657989743;Export Brush...;Eksportuj pędzel...;
2884537289;Save variant;Zapisz wariant;
337531753;New variant;Nowy wariant;
1227809176;Regular update;Regularna aktualizacja;
1209330262;Pre-release update;Aktualizacja przedpremierowa;
3789217915;Circular;Okrągły;
1093456864;Imagestamp;Stempel graficzny;
667616433;Captured;Przechwycenie;
971240630;Airbrush;Aerograf;
1334348007;Pixel Airbrush;Aerograf pikselowy;
521555104;Pixel;Pojedyńczy piksel;
2831527067;Hairy Brush;Włochaty pędzel;
2523113564;Watercolor;Akwarela;
4189656833;Cover;Nakładka;
1379338035;Mild Cover;Delikatna nakładka;
677398980;Buildup;Nagromadzenie;
2597566153;Eraser;Gumka;
1822323735;Smear;Rozmazywanie;
48389867;Clone;Klonuj;
2987889845;Colorize;Koloryzuj;
439880281;Warp;Osnowa;
2358112185;Other;Inna;
1647783645;Flat;Płaski;
1973044483;Soft;Miękki;
1341393708;Grainy Flat;Ziarnisty płaski;
301549248;Grainy Soft;Ziarnisty miękki;
1619674239;Grainy Edge;Ziarnisty krawędź;
4163984039;Grainy Hard;Ziarnisty twardy;
1048447764;Paint Remover Soft;Rozpuszczalnik miękki;
2543835542;Background Soft;Miękkie tło;
2272950274;Zoom In;Powiększ;
1522200131;Zoom Out;Pomniejsz;
1872187563;Twirl CW;Wirówka w prawo;
4166766475;Twirl CCW;Wirówka w lewo;
4038068178;Darken;Ściemnianie;
2276769523;Lighten;Rozjaśnianie;
281870536;Sharpen;Wyostrzanie;
2111065729;Blur;Rozmycie;
133614737;Add Grain;Dodaj ziarno;
1590050722;Difference;Różnica;
187662294;Reduce Saturation;Zmniejsz nasycenie;
954307384;Add Contrast;Dodaj kontrast;
3446969964;None;Żadna;
35839092;Pressure;Nacisk;
1820104837;Random;Losowa;
2420695925;Direction;Kierunek;
3670192771;Sequential;Sekwencja;
2594247911;Speed;Szybkość;
3999094931;Growing;Narastanie;
4048181408;Shrinking;Opadanie;
582966478;Medium Profile;Średni;
1732518066;Dull Profile;Tępy ;
2391478273;Linear Profile;Liniowy;
441980868;Watercolor Profile;Akwarela;
3857967469;1-Pixel Edge;Krawędź 1 px;
2522241384;Soft Profile;Miękki;
557429486;Normal;Normalne;
3256485552;Multiply;Mnożenie;
857710351;Screen;Ekran;
3629279534;Exclusion;Wykluczenie;
2042958820;Color Burn;Ściemnianie;
3445395730;Linear Burn;Ściemnianie liniowe;
2823256204;Color Dodge;Rozjaśnianie;
1324044197;Hard Light;Ostre światło;
47935177;Soft Light;Łagodne światło;
6025433;Average;Średni;
1805859328;Overlay;Nakładka;
2413397170;In HSL;w HSL;
1053359342;In RGB;w RGB;
3798873757;From Color Set;z ustawień koloru;
3550634205;From Gradient;z gradientu;
2834036794;Default;Domyślny;
1935398847;Repeat Edge Pixels;Powtórz piksele krawędzi;
433511515;Repeat Clone Source;Powtórz klonowanie źródła;
3387758840;Colors Only;Tylko kolory;
2472858057;With Transparency;Z przezroczystością;
1321123500;Color;Kolor;
20193171;Depth;Głębia;
2895655767;Color And Depth;Kolor i głębia;
1631541171;Uniform;Jednolita;
1287916372;Erase;Wymazywanie;
3970526038;Black;Czarny;
3900828193;Gray;Szary;
2353338955;Background Color;Kolor tła;
765196928;Angle: %d %s;Kąt: %d %s;
3222040381;Zoom: %s %s;Powiększenie: %s %s;
882423287;W: %d %s;Pion.: %d %s;
4075857149;H: %d %s;Poz.: %d %s;
1791262779;Size: %d;Rozmiar: %d;
1505441320;Could not complete your request because the clone source and the current document are the same.;Nie można zrealizować żądania, ponieważ klon źródła i bieżący dokument są takie same.;
3173526583;X: %d %s;X: %d %s;
3278873047;Y: %d %s;Y: %d %s;
534302077;Could not complete your request because the layer is locked.;Nie można zrealizować żądania, ponieważ warstwa jest zablokowana.;
8965111;Could not complete your request because the selected area is empty.;Nie można zrealizować żądania, ponieważ wybrany obszar jest pusty.;
831853587;No pixels were selected.;Nie zaznaczono żadnych pikseli.;
3653560568;No pixels are more than 50% selected. The selection edges will not be visible.;Żadne piksele nie są zaznaczone bardziej niż w 50%. Krawędzie zaznaczenia nie będą widoczne.;
1081426021;Could not complete your request because the affected area is empty or does not overlap the canvas.;Nie można zrealizować żądania, ponieważ dotknięty obszar jest pusty lub nie zachodzi na płótno.;
88912700;A: %d %s;A: %d %s;
2640865224;SX: %d %s;SX: %d %s;
3499115039;SY: %d %s;SY: %d %s;
1158909019;Could not use the clone stamp because the area to clone has not been defined (Alt-click to define a source point).;Nie można użyć stempla, ponieważ obszar do klonowania nie został zdefiniowany (kliknij z wciśniętym klawiszem Alt, aby zdefiniować punkt źródłowy).;
578076154;Custom Palette;Niestandardowa paleta;
1854298308;Command:;Polecenie:;
429913204;Brush variant;Wariant pędzla;
3227690641;Shortcut;Skrót;
3455381541;Tool;Pędzle;
1392696718;Paper;Papier;
2412616690;Imagestamp;Stempel graficzny;
3486798134;Captured;Przechwycenie;
2510927712;Gradient;Gradient;
3585365140;Target:;Cel:;
474773725;Options;Opcje;
263984693;New Guide;Nowa prowadnica;
1114512861;Orientation;Orientacja;
682470787;Horizontal;Pozioma;
639982408;Vertical;Pionowa;
3408392050;Position:;Pozycja:;
2594468726;Enter license key;Wprowadź klucz licencyjny;
2443609450;Test Artweaver Plus;Przetestuj Artweaver Plus;
676164089;License key:;Klucz licencyjny:;
592346789;Next;Dalej;
2563787490;Back;Wstecz;
1941376872;Enter license key;Wprowadź klucz licencyjny;
94088447;Back;Wstecz;
429729803;Back;Wstecz;
4183113670;Flow:;Przepływ:;
3765380646;Min Flow:;Min. przepływ:;
2319536673;Expression:;Ekspresja:;
3252769422;Pressure:;Nacisk:;
3025539174;Shape:;Kształt:;
2875161392;Angle:;Kąt:;
4060668869;Expression:;Ekspresja:;
627928350;Range:;Zakres:;
2799660516;Apply;Zastosuj;
4039776540;Layer from Background;Warstwa z tła;
2297921914;Name:;Nazwa:;
673514945;Blend:;Miesza.:;
3145890258;Color:;Kolor:;
1672016102;Normal;Normalne;
2273904637;Darken;Ciemniej;
378717121;Multiply;Mnożenie;
1455406774;Lighten;Jaśniej;
2098930487;Screen;Ekran;
1372640062;Difference;Różnica;
2926590565;Exclusion;Wykluczenie;
269554452;Color burn;Ściemnianie;
1188391707;Linear burn;Ściemnianie liniowe;
1609755906;Color dodge;Rozjaśnianie;
111776617;Hard light;Ostre światło;
1307886240;Soft light;Łagodne światło;
2612230643;Color;Kolor;
781850430;Hue;Barwa;
2607441015;Saturation;Nasycenie;
582898949;Luminosity;Jasność;
3125736660;Average;Średnie;
2280342482;Overlay;Nakładka;
786075726;None;Żaden;
1174182478;Light blue;Jasny niebieski;
1935389850;Red;Czerwony;
3398777821;Green;Zielony;
3678569370;Blue;Niebieski;
3122192339;Yellow;Żółty;
51989217;Magenta;Karmazynowy;
640355237;Cyan;Niebieskozielony;
1728423278;Light gray;Jasny szary;
4071242793;Black;Czarny;
3201198421;Custom;Niestandardowy;
422526784;Opacity:;Krycie:;
1912778813;Enable logging;Włącz dziennik;
387837909;Import clipboard;Importuj ze schowka;
2758741392;Create backup before saving;Utwórz kopię zapasową przed zapisaniem;
644953024;Framerate limit:;Limit klatek:;
2543579713;FPS;FPS;
3575260811;Resaturation:;Nasycenie:;
3451685611;Expression:;Ekspresja:;
2561115137;Bleed:;Nasączenie:;
1022780975;Dryout:;Osuszenie:;
2440082279;Enhanced Layer Blending;Ulepszone mieszanie warstw;
1986156650;Size:;Rozmiar:;
3732413005;Profile:;Profil:;
627269806;Clumpiness:;Skupianie:;
569964108;Brush;Pędzel;
835024353;Capture Brush...;Przechwyć pędzel...;
634684856;Capture Imagestamp...;Przechwyć stempel graficzny...;
3107855002;Save Variant...;Zapisz wariant...;
3510784816;Variant as Command...;Wariant jako polecenie...;
1673116938;Set Default Variant...;Ustaw domyślny wariant...;
3433710898;Restore Default Variant;Przywróć domyślny wariant;
3272658056;Preset Manager...;Menadżer ustawień predefiniowanych...;
1706737803;Reset view rotation;Zresetuj obrót widoku;
1003317995;Actual pixels;Rzeczywista wielkość;
2846664800;Switch colors;Zamień kolory;
3003081840;Recent brushes:;Ostatnio używane pędzle:;
301286352;Toggle brush palette;Przełącz na paletę pędzla;
4240238833;Mode:;Tryb:;
1039830436;Line mode;Tryb linii;
3758466553;Mirror mode;Tryb lustrzanego odbicia;
1489315770;Mirror Off;Wyłącz lustrzane odbicie;
4235547921;Vertical;Pionowe;
3375796864;Horizontal;Poziome;
1813803362;Dual Axis;Podwójna oś;
432293582;Size:;Rozmiar:;
169896042;Opacity:;Krycie:;
1615571332;Grain:;Ziarno:;
19536181;Resat:;Resat:;
6772260;Bleed:;Nasączenie:;
1237386124;Flow:;Przepływ:;
2162321630;Feature:;Funkcja:;
3990544506;Freehand Line;Linia odręczna;
1742301645;Straight Line;Linia prosta;
2778898502;Clone source;Powiel źródło;
3035820401;New document;Nowy dokument;
3232754583;Open document;Otwórz dokument;
1171996531;Save document;Zapisz dokument;
1396374561;Cut;Wytnij;
3276200597;Copy;Kopiuj;
2198948385;Paste;Wklej;
3771549753;Undo;Cofnij;
3650579925;Redo;Powtórz;
3090491029;Capture Color Set;Przechwyć zestaw kolorów;
1017884087;Tolerance:;Tolerancja:;
1206451182;Capture all layers;Przechwyć wszystkie warstwy;
3187892914;Replace current color set;Zastąp obecny zestaw kolorów;
2492368006;Mode:;Tryb:;
1228976323;Color Mode:;Tryb koloru:;
621075775;Color Method:;Metoda koloru:;
2158707214;Clone Color;Powiel kolor;
446442193;Color Variability:;Zmienność koloru:;
4143056389;± H:;± H:;
1395871276;± S:;± S:;
125178650;± L:;± L:;
3579842788;Gradient:;Gradient:;
550711497;Legacy Color Variability;Przestarzała zmienność koloru;
2693516362;Outline Color:;Kolor konturu:;
1549502847;Tolerance:;Tolerancja:;
3452174627;Color Picker;Próbnik koloru;
1538226212;new;nowy;
831739276;current;aktualny;
392732433;Select color:;Wybierz kolor:;
453297130;R;R;
1349161792;G;G;
152464135;B;B;
1473456199;H;H;
2400157009;S;S;
1838657016;V;V;
602660530;Color Set;Zestaw kolorów;
4102759130;Add color;Dodaj kolor;
2834081699;Delete color;Usuń kolor;
1756940971;Capture Color Set...;Przechwyć zestaw kolorów...;
1253485874;Add Color;Dodaj kolor;
558622445;Reset Color Set...;Resetuj zestaw kolorów...;
1232933637;Save Color Set...;Zapisz zestaw kolorów...;
1668498217;Load Color Set...;Wczytaj zestaw kolorów...;
5029550;Replace Color Set...;Zastąp zestaw kolorów...;
642987515;Sort Color Set...;Sortuj zestaw kolorów...;
2035103020;Palette Options...;Opcje palety...;
2681460871;Color Set (*.Aco)|*.aco;Zestaw kolorów (*.Aco)|*.aco;
465482388;Save Color Set;Zapisz zestaw kolorów;
1560973460;Load Color Set;Wczytaj zestaw kolorów;
3887096515;Color Set Palette Options;Opcje palety zestawu kolorów;
1741916003;Swatch size;Wielkość próbki;
3978154815;Colors;Kolory;
3757296364;Switch colors;Zamień kolory;
1856241997;Default colors;Domyślne kolory;
1321020965;Clone color;Klonuj kolor;
1243030534;R;R;
33195649;B;B;
530753397;G;G;
1585633042;Color Wheel;Koło kolorów;
1169726049;Hue Cube;Sześcian odcieni;
2677259240;Copy Color as HTML;Kopiuj kolor jako HTML;
3909897176;Copy Color as Hex Code;Kopiuj kolor jako Hex Code;
1616781428;Ratio:;Współczynnik:;
3282134618;% Width,;% szerokości,;
931684804;% Height;% wysokości;
1155740711;Crop shield;Pole wycięcia;
3557092730;Apply;Zastosuj;
1041775614;Add Command...;Dodaj polecenie...;
2091704971;Delete Command...;Usuń polecenie...;
2970737503;Rename Palette...;Zmień nazwę palety...;
567499536;Delete Palette...;Usuń paletę...;
1091558395;Palette Options...;Opcje palety...;
3665048243;Custom Palette Options;Opcje niestandardowej palety;
3703031021;Control size;Rozmiar kontrolki;
1700566407;Delete Palettes Layout;Usuń układ palet;
2986976723;Layout:;Układ:;
531866630;Deskew Document;Prostowanie dokumentu;
4224994153;Angle;Kąt;
3733260014;Maximum:;Maksimum:;
3268314852;Sensitivity;Czułość;
3089998514;Automatic threshold;Automatyczne progowanie;
1024142060;Threshold:;Progowanie:;
3948112776;Sample Size:;Wielkość próbki:;
3333401348;Point sample;Próbka punktowa;
1818420385;3 by 3 average;Średnio 3 na 3;
692301671;5 by 5 average;Średnio 5 na 5;
2958029754;Sample:;Próbka:;
2308908767;All layers;Wszystkie warstwy;
2951514189;Active layer;Aktywna warstwa;
2053123634;Point Sample;Próbka punktowa;
3353963516;3 by 3 Average;Średnio 3 na 3;
132939081;5 by 5 Average;Średnio 5 na 5;
3857162342;Copy Color as HTML;Kopiuj kolor jako HTML;
4007192241;Copy Color as Hex Code;Kopiuj kolor jako Hex Code;
7647112;Color:;Kolor:;
2766107997;Duplicate Document;Powiel dokument;
2254056104;Duplicate:;Powiel:;
3376358431;As:;Jako:;
1329799603;Duplicate merged layers only;Powiel tylko połączone warstwy;
2125288420;Duplicate Layer;Powiel warstwę;
1064144782;Duplicate:;Powiel:;
3419089373;As:;Jako:;
2523662899;Destination;Miejsce docelowe;
10012498;Document:;Dokument:;
4035440764;Name:;Nazwa:;
4199682812;Duplicate Selection;Powiel zaznaczenie;
152665152;Duplicate:;Powiel:;
197240323;As:;Jako:;
791416516;Destination;Miejsce docelowe;
2429023317;Document:;Dokument:;
1203278170;Name:;Nazwa:;
1919416097;Invert;Odwróć;
3325493088;Profile:;Profil:;
3242262004;Soft;Miękki;
4107887003;Hard;Twardy;
350438152;Square;Kwadrat;
371919447;Size:;Rozmiar:;
1615434575;Use pen pressure;Uwzględnij nacisk pióra;
4013965465;Opacity:;Krycie:;
3696424090;Impasto;Impast;
1158917171;Error;Błąd;
2805897852;Error Message;Komunikat o błędzie;
4235669449;Please tell us more;Prosimy o więcej informacji;
2314325964;Error Report;Raport o błędzie;
317965;Do not send;Nie wysyłaj;
2868600321;Progress:;Postęp:;
2862324006;Feather;Wtapianie;
3284290565;Radius:;Promień:;
1873779725;Send feedback;Wyślij opinię;
2684297256;Use lower case;Użyj małych liter;
3985981761;Use upper case;Użyj dużych liter;
455868405;File extension:;Rozszerzenie pliku:;
4145638827;Recent file list contains;Lista ostatnich plików zawiera;
3032192566;files.;plików.;
3777838025;Default;Domyślna;
501138722;Maximum;Maksymalna;
4139207730;AWD file compatability:;Kompatybilność pliku AWD:;
2470174;Default open directory:;Domyślna ścieżka odczytu:;
1970277648;Default save directory:;Domyślna ścieżka zapisu:;
2120594355;5 Minutes;5 minut;
2311269040;10 Minutes;10 minut;
4191184365;15 Minutes;15 minut;
523181594;30 Minutes;30 minut;
3023912857;Hour;1 godzinę;
4223255541;Automatically save recovery information every:;Automatycznie zapisuj informacje odzyskiwania co:;
3727334227;File Information;Informacje o pliku;
1246646892;Fill;Wypełnij;
572474651;Contents;Zawartość;
1106343627;Foreground color;Kolor pierwszoplanowy;
1282084477;Background color;Kolor tła;
1639430418;Black;Czarny;
3305137571;50% gray;50% szarości;
1292928441;White;Biały;
1118752702;Gradient;Gradient;
422337011;Use:;Użyj:;
862922177;Impasto;Impast;
922733192;Blending;Mieszanie;
3961739868;Opacity:;Krycie:;
690498032;Preserve transparency;Utrzymaj przezroczystość;
3780775695;Type:;Typ:;
68149332;Method:;Metoda:;
1725482362;Category:;Kategoria:;
2466556590;Opacity:;Krycie:;
2614481422;Expression:;Ekspresja:;
3621838553;Anti-aliased;Wygładzanie;
2997476377;Main window click:;Kliknięcie okna głównego:;
244781102;New document;Nowy dokument;
2802093872;Open document;Otwórz dokument;
648810216;No function;Brak funkcji;
2719598401;Document interpolation:;Interpolacja dokumentu:;
1177970940;Nearest neighbor;Najbliższe otoczenie;
183050180;Linear;Liniowa;
1988691616;Linear smoother;Gładka liniowa;
2104428434;Linear sharper;Ostra liniowa;
3300714255;Save palette locations;Zapisz położenie palet;
4064963042;Export clipboard;Eksportuj schowek;
759414456;Scale new documents;Skaluj nowe dokumenty;
2865671008;Overscroll;Przewijaj poza obszar roboczy;
3518162889;Reset all warning dialogs;Zresetuj wszystkie ostrzeżenia;
716054551;Name:;Nazwa:;
1887219312;Size:;Rozmiar:;
3664058168;Bristles;Włosie;
2340391925;Amount:;Ilość:;
3287907027;Clumpiness:;Skupianie:;
2864725363;Edit Gradient;Edytuj gradient;
3419572593;Segment;Segment;
2441214546;Color:;Kolor:;
2857363438;Position:;Pozycja:;
1537085829;Opacity:;Krycie:;
1258447455;Delete;Usuń;
1247060390;Spiral gradient;Gradient spiralny;
2459830543;Bi-linear gradient;Gradient dwuliniowy;
3120465777;Linear gradient;Gradient liniowy;
3031789233;Radial gradient;Gradient promienisty;
1146201262;Square gradient;Gradient kwadratowy;
3173019163;Conical gradient;Gradient stożkowy;
2189715794;Opacity:;Krycie:;
1086741345;Reverse;Odwrócone;
655477669;Interactive;Interaktywne;
4278518206;Apply;Zastosuj;
4109210730;Texture:;Tekstura:;
790032391;Grain:;Ziarno:;
2792191699;Expression:;Ekspresja:;
369466511;Randomize Texture;Losuj teksturę;
2239542170;Custom;Niestandardowy;
122707282;Light blue;Jasny niebieski;
2461695490;Red;Czerwony;
4289803355;Light green;Jasny zielony;
941046580;Blue;Niebieski;
1219969532;Yellow;Żółty;
1019085089;Magenta;Karmazynowy;
2719431977;Cyan;Niebieskozielony;
2326309522;Orange;Pomarańczowy;
1688502792;Green;Zielony;
1609779100;Light gray;Jasny szary;
957414298;Black;Czarny;
2177027742;Guide color:;Kolor prowadnicy:;
304337942;Grid color:;Kolor siatki:;
3154810284;Grid size:;Rozmiar siatki:;
1903596709;Symmetry color:;Kolor osi symetrii:;
8755348;Actual Pixels;Rzeczywista wielkość;
3148985222;Fit on Screen;Dopasuj do ekranu;
1326724369;Print Size;Rozmiar w druku;
3564725362;Center Document;Wyśrodkuj dokument;
2190431474;History;Historia;
3517832207;Undo;Cofnij;
1274370242;Redo;Powtórz;
3256047496;Step Forward;Krok do przodu;
1969340335;Step Backward;Krok do tyłu;
2590486381;Clear;Wyczyść;
951404161;Imagestamp:;Stempel graficzny:;
403204931;Expression:;Ekspresja:;
2899883259;Draw To:;Rysuj do:;
2865341434;Method:;Metoda:;
1551740973;Invert;Odwróć;
2026831964;Depth:;Głębia:;
2215450559;Expression:;Ekspresja:;
1978916556;Smoothing:;Wygładzanie:;
2752667047;Impasto;Impast;
2858618534;Surface Lighting;Oświetlenie powierzchni;
4002356425;Light source;Źródło światła;
3123433316;Amount:;Ilość:;
2421281870;Exposure:;Ekspozycja:;
1979683992;Shine:;Połysk:;
621502425;Reset;Resetuj;
2592796940;Enable Impasto;Włącz impast;
3155079383;Info;Informacje;
3898991936;W:;Pion.:;
2923055475;H:;Poz.:;
3983887650;Dpi:;Dpi:;
2035661283;R:;R:;
37182533;G:;G:;
941818097;B:;B:;
2298663909;X:;X:;
2110865134;Y:;Y:;
3691604055;Palette Options...;Opcje palety...;
4049787094;Info Palette Options;Opcje palety informacje;
1239958085;Color readout;Odczyt koloru;
340977637;Mode:;Tryb:;
3864617349;Auto;Automatyczny;
1252840562;8-bit (0-255);8 bitów (0-255);
3266959100;16-bit (0-32768);16 bitów (0-32768);
3614257215;Mouse coordinates;Współrzędne myszki;
976949250;Units:;Jednostki:;
2491231726;Default;Domyślne;
4163671159;Color theme:;Motyw kolorystyczny:;
3479744032;System default;Domyślny systemowy;
1226363564;Light;Jasny;
4072035685;Dark;Ciemny;
3382213475;Show on-canvas information;Pokaż informacje na płótnie;
3912527447;Show font preview;Pokaż podgląd czcionki;
3998958051;Show filter full preview;Pokaż pełny podgląd filtra;
1252706941;On-canvas information position:;Położenie informacji na płótnie:;
177678333;Top left;Lewy górny;
1666112218;Top right;Prawy górny;
2088712451;Bottom left;Lewy dolny;
2527016084;Bottom right;Prawy dolny;
4209186484;Icon style:;Styl ikon:;
2963867107;Filled;Wypełnione;
4272854687;Colored;Kolorowe;
994616959;Jitter:;Drganie:;
1735582545;Expression:;Ekspresja:;
2479599555;Drift w/ Continous Time Deposition;Dryf z ciągłym nanoszeniem;
2516504032;Scale Jitter with Size;Skaluj drgania z rozmiarem;
2988211288;Keyboard Shortcuts;Skróty klawiszowe;
1074778392;Set:;Ustawienia:;
1168184564;Shortcuts for:;Skróty dla:;
3583758439;Application menus;Menu aplikacji;
358656981;Tools;Narzędzia;
380148535;Misc;Pozostałe;
3495743731;Shortcut;Skrót;
676349771;Save...;Zapisz...;
2741540406;Delete...;Usuń...;
911435504;Clear;Wyczyść;
2894358326;Export...;Eksportuj...;
1954828419;Keyboard Shortcuts (*.Htm)|*.htm;Skróty klawiszowe (*.htm)|*.htm;
1791496430;Export Keyboard Shortcuts;Eksportuj skróty klawiszowe;
3029110346;Active language:;Aktywny język:;
2855652410;Author:;Autor:;
486799341;Comment:;Komentarz:;
4289002094;Version:;Wersja:;
710306738;Creation date:;Data utworzenia:;
1788218742;Select all;Zaznacz wszystko;
1766006951;Select layer content;Zaznacz zawartość warstwy;
3640020909;Deselect;Odznacz;
1669510807;Inverse;Odwróć;
1970894172;Mode:;Tryb:;
1940412266;Add to selection;Dodaj do zaznaczenia;
3859018535;Intersect with selection;Przytnij z zaznaczenia;
2016881800;New selection;Nowe zaznaczenie;
195661489;Subtract from selection;Odejmij od zaznaczenia;
2793699204;Shape:;Kształt:;
685298325;Polygon;Wielokąt;
885123543;Lasso;Lasso;
1680382017;Feather:;Wtapianie:;
1002689096;Anti-aliased;Wygładzanie;
4280290987;Layer Group Properties;Właściwości grupy warstw;
969932788;General;Ogólne;
3321767137;Name:;Nazwa:;
1660829578;Color:;Kolor:;
1370540271;None;Żaden;
593444188;Light blue;Jasny niebieski;
1029581457;Red;Czerwony;
3417618387;Green;Zielony;
893714435;Blue;Niebieski;
934669174;Yellow;Żółty;
2548868026;Magenta;Karmazynowy;
1925428190;Cyan;Niebieskozielony;
2488261076;Light gray;Jasny szary;
50236121;Black;Czarny;
2129838442;Custom;Niestandardowy;
3704078057;Layer Properties;Właściwości warstwy;
3488762157;Position;Pozycja;
292828979;X:;X:;
1843408870;Y:;Y:;
64299850;Width:;Szerokość:;
139329204;Height:;Wysokość:;
4123701766;General;Ogólne;
452978305;Name:;Nazwa:;
3649001291;Blend:;Miesza.:;
2567001815;Normal;Normalne;
4106344952;Darken;Ciemniej;
1810485649;Multiply;Mnożenie;
1316966931;Lighten;Jaśniej;
434881836;Screen;Ekran;
3614701331;Difference;Różnica;
4273037844;Exclusion;Wykluczenie;
736581788;Color burn;Ściemnianie;
901083091;Linear burn;Ściemnianie liniowe;
3156944152;Color dodge;Rozjaśnianie;
2300025294;Hard light;Ostre światło;
755974370;Soft light;Łagodne światło;
3413392107;Color;Kolor;
1978337151;Hue;Barwa;
1224770536;Saturation;Nasycenie;
1651695472;Luminosity;Jasność;
1906085794;Average;Średnie;
3766923684;Overlay;Nakładka;
3405525622;Opacity:;Krycie:;
1495363126;Color:;Kolor:;
3413171019;None;Żaden;
4139695381;Light blue;Jasny niebieski;
826167936;Red;Czerwony;
3759182955;Green;Zielony;
1082521301;Blue;Niebieski;
1105447887;Yellow;Żółty;
3769004997;Magenta;Karmazynowy;
2115434151;Cyan;Niebieskozielony;
2188594301;Light gray;Jasny szary;
2226443233;Black;Czarny;
4219896030;Custom;Niestandardowy;
1839015630;Layers;Warstwy;
1483873786;Normal;Normalnie;
3737313760;Darken;Ciemniej;
188605421;Multiply;Mnożenie;
1744339906;Lighten;Jaśniej;
1158287562;Screen;Ekran;
343117880;Difference;Różnica;
191446642;Exclusion;Wykluczenie;
2011681677;Color burn;Wypalanie koloru;
3022578990;Linear burn;Wypalanie liniowe;
3251989028;Color dodge;Skok koloru;
239789219;Hard light;Ostre światło;
1629946296;Soft light;Łagodne światło;
456669518;Color;Kolor;
2979751094;Hue;Barwa;
22632527;Saturation;Nasycenie;
2341228785;Luminosity;Jasność;
2746163877;Average;Średnie;
546717479;Overlay;Nakładka;
3860227402;Opacity:;Krycie:;
2126875130;Bring forward;Przesuń do przodu;
25433273;Send backward;Przesuń do tyłu;
391212002;Layer properties;Właściwości warstwy;
55376898;Merge down;Połącz niższe;
1076827590;Duplicate layer;Powiel warstwę;
1731610294;Delete layer;Usuń warstwę;
1697874;New layer;Nowa warstwa;
4137157054;New layer group;Nowa grupa warstw;
418720094;Lock:;Zablokuj:;
23980289;Lock position;Zablokuj pozycję;
3024554816;Lock all;Zablokuj wszystko;
3255945676;Lock transparency;Zablokuj przezroczystość;
1373006438;Layer Properties...;Właściwości warstwy...;
895121057;Layer from Background...;Warstwa z tła...;
2152039561;Duplicate Layer...;Powiel warstwę...;
3091697463;Delete Layer;Usuń warstwę;
2658645635;Expand Layer;Rozwiń warstwę;
4005132083;Layer Group Properties...;Właściwości grupy warstw...;
4073052628;Duplicate Layer Group...;Powiel grupę warstw...;
1124698920;Delete Layer Group;Usuń grupę warstw;
4146314;New Layer...;Nowa warstwa...;
3798637273;New Layer Group...;Nowa grupa warstw...;
79891223;Merge Visible;Połącz widoczne;
1157330270;Flatten Image;Spłaszcz obraz;
2089007413;Palette Options...;Opcje palety...;
2321184690;Layers Palette Options;Opcje palety warstw;
2623016039;Thumbnail size;Rozmiar miniatury;
1251001879;Load Selection;Wczytaj zaznaczenie;
2101356648;Source;Źródło;
640859190;Document:;Dokument:;
826667246;Selection:;Zaznaczenie:;
427562908;Invert;Odwróć;
3006689729;Operation;Operacja;
2307836347;New Selection;Nowe zaznaczenie;
591762391;Add to Selection;Dodaj do zaznaczenia;
3077432031;Subtract from Selection;Odejmij od zaznaczenia;
1809288910;Intersect with Selection;Przytnij z zaznaczenia;
1837554604;Lock all Layers in Group;Zablokuj wszystkie warstwy w grupie;
631829859;Lock:;Zablokuj:;
3026213462;Position;Pozycję;
3369321461;Transparency;Przezroczystość;
2615623059;All;Wszystko;
959315111;Mode:;Tryb:;
3861449059;Add to selection;Dodaj do zaznaczenia;
2505169717;Intersect with selection;Przytnij z zaznaczenia;
4030732393;New selection;Nowe zaznaczenie;
3688201482;Subtract from selection;Odejmij od zaznaczenia;
1787532003;Sample Size:;Rozmiar próbki:;
2671150644;Point sample;Próbka punktowa;
3695940854;3 by 3 average;Średnio 3 na 3;
4226800886;5 by 5 average;Średnio 5 na 5;
3852488354;Tolerance:;Tolerancja:;
822308344;Anti-aliased;Wygładzanie;
972004464;Contiguous;Sąsiadujący;
56476315;Use all layers;Użyj wszystkich warstw;
1472742865;Select all;Zaznacz wszystko;
284914055;Select layer content;Zaznacz zawartość warstwy;
339144794;Deselect;Odznacz;
2097585510;Inverse;Odwróć;
999165223;File;Plik;
3164926681;New...;Nowy...;
1037739990;Open...;Otwórz...;
184243066;Open Events...;Otwórz wydarzenie (event)...;
551140421;Open Recent;Otwórz ostatnio używane;
1212834496;Clear Recent;Wyczyść ostatnio używane;
1692258640;Clone;Klonuj;
2702904330;Save;Zapisz;
2339023289;Save As...;Zapisz jako...;
4049465301;Iterative Save;Zapis iteracyjny;
2557965931;Save Events...;Zapisz wydarzenie (event)...;
506496449;Import;Importuj;
287983009;Export;Eksportuj;
2179525843;File Information...;Informacje o pliku...;
1164415201;Page Setup...;Ustawienia strony...;
66023316;Print with Preview...;Drukuj z podglądem...;
259094473;Print...;Drukuj...;
992626552;Exit;Zakończ;
539742782;Edit;Edycja;
3673928963;Undo;Cofnij;
626403865;Redo;Powtórz;
3972560139;Cut;Wytnij;
137711761;Copy;Kopiuj;
582907580;Copy Merged;Kopiuj połączone;
3343736535;Paste;Wklej;
1217560579;Delete;Usuń;
1927917538;Purge;Oczyść;
630531018;Clipboard;Schowek;
94311793;Histories;Historia;
531509717;All;Wszystkie;
803463618;Pen Calibration...;Kalibracja pióra...;
2499810250;Keyboard Shortcuts...;Skróty klawiszowe...;
236582899;Presets;Ustawienia predefiniowane;
2493689328;Preset Manager...;Menadżer ustawień predefiniowanych...;
3407123042;Import Presets...;Importuj ustawienia predefiniowane...;
162569432;Preferences...;Preferencje...;
2450630042;Document;Dokument;
3211953046;Mode;Tryb;
4206229674;8 Bits/Channel;8 bitów na kanał;
353976682;16 Bits/Channel;16 bitów na kanał;
3394445760;Adjustments;Regulacja;
3901998141;Duplicate...;Powiel...;
1364946694;Fill...;Wypełnij...;
3846251371;Impasto...;Impast...;
3699987943;Canvas Size...;Rozmiar płótna...;
3187434910;Document Size...;Rozmiar dokumentu...;
3865172077;Deskew...;Prostowanie...;
956138791;Rotate Canvas;Obróć płótno;
2952229187;180°;180°;
3396425192;90° CW;90° w prawo;
2157219541;90° CCW;90° w lewo;
1655290077;Arbitrary...;Dowolnie...;
1998060894;Flip Horizontal;Odbicie poziome;
241686575;Flip Vertical;Odbicie pionowe;
1957616313;Crop;Przytnij;
165476698;Layer;Warstwa;
2786677450;New;Nowa;
2270020161;New Layer...;Nowa warstwa...;
2777943745;Layer from Background;Warstwa z tła;
3412013451;New Layer Group...;Nowa grupa warstw...;
1222822813;Duplicate Layer...;Powiel warstwę;
436849804;Layer Properties...;Właściwości warstwy...;
2432659550;Clear Impasto...;Czyść impast...;
419791044;Expand Layer;Rozwiń warstwę;
1350995781;Rasterize Layer;Rasteryzuj warstwę;
3739820654;Content-Aware Scale...;Skaluj z uwzględnieniem zawartości...;
4030463180;Free Transform;Przekształć swobodnie ;
2173260003;Transform;Przekształć;
3153454232;Scale;Skala;
1007824972;Rotate;Obróć;
1017603265;Skew;Pochyl;
2092683453;Send to Back;Umieść w tle;
2559399045;Bring to Front;Umieść na wierzchu;
1169335815;Send Backward;Przesuń do tyłu;
1109561198;Bring Forward;Przesuń do przodu;
4281382138;Ungroup Layers;Rozgrupuj warstwy;
184212223;Lock all Layers in Group...;Zablokuj wszystkie warstwy w grupie...;
3199510581;Merge Down;Połącz niższe;
3209930310;Merge Visible;Połącz widoczne;
3854726413;Flatten Document;Spłaszcz obraz;
35850520;Select;Zaznacz;
3488413626;Deselect;Odznacz;
106157207;Inverse;Odwróć;
3179606017;Feather...;Wtapianie...;
388106838;Modify...;Modyfikuj...;
1010273838;Grow;Zwiększ;
2579631675;Load Selection...;Wczytaj zaznaczenie...;
2015301459;Save Selection...;Zapisz zaznaczenie...;
1133818687;Filter;Filtry;
3771823100;Last Filter;Ostatni filtr;
2453909761;View;Widok;
877446758;Zoom In;Powiększ;
728181035;Zoom Out;Pomniejsz;
3467910877;Fit on Screen;Dopasuj do ekranu;
1830422196;Actual Pixels;Rzeczywista wielkość;
670114562;Print Size;Rozmiar w druku;
1970649611;Show Grid;Pokaż siatkę;
3237566893;Show Perspective Grid;Pokaż siatkę perspektywy;
1651141382;Show Guides;Pokaż prowadnice;
3411514280;Show Impasto;Pokaż impast;
3320443757;Snap;Przyciągaj;
3564797482;Lock Guides;Blokuj prowadnicę;
3688650197;Clear Guides;Wyczyść prowadnicę;
963382708;New Guide...;Nowa prowadnica...;
4096861607;Window;Okno;
1302594569;2-up Horizontal;Dwa poziomo;
1717491861;2-up Vertical;Dwa pionowo;
1750343966;4-up;Cztery;
2591227740;Consolidate All to Tabs;Konsoliduj wszystkie do kart;
2773423087;Close All;Zamknij wszystkie;
3784594270;Arrange Palettes;Porządkuj palety;
3566509494;Save Layout...;Zapisz układ...;
3752269022;Delete Layout...;Usuń układ...;
1596454176;Custom Palettes...;Niestandardowe palety...;
4000453682;Online Help...;Pomoc w internecie...;
1541868135;Support...;Wsparcie...;
10456721;Upgrade to Plus...;Uaktualnij do Plus...;
124103602;Send Feedback...;Wyślij opinię...;
1617034283;System Information...;Informacje o systemie...;
2858991534;About...;O programie...;
4250471417;About Plugins;O wtyczkach;
549091225;Check for Updates...;Sprawdź dostępność aktualizacji...;
846962075;Open Document;Otwórz dokument;
2155709707;Save Document;Zapisz dokument;
3052337542;Events (*.Awe)|*.awe;Wydarzenie (*.Awe)|*.awe;
188740224;Open Events;Otwórz wydarzenie (event);
3056387610;Save Events;Zapisz wydarzenie (event);
4199705563;Manage Custom Palettes;Zarządzaj niestandardowymi paletami;
3036723180;New...;Nowa...;
501781121;Rename...;Zmień nazwę...;
607742099;Delete...;Usuń...;
3104834047;Modify;Modyfikuj;
1202640310;Command;Ogólne;
2584043193;Contract;Zwęż;
3276804444;Expand;Rozszerz;
677676809;Modify by;Zmodyfikuj o;
1505570036;Move Brush Variant;Przesuń wariant pędzla;
2200751070;Variant:;Wariant:;
2427676427;Target:;Cel:;
4134886908;New category:;Nowa kategoria:;
1423118028;Auto select:;Automatyczne zaznaczanie:;
1012813976;Layer;Warstwa;
781590782;Group;Grupa;
3286830375;Show transform controls;Pokaż elementy sterujące przekształcaniem;
3986463865;Navigator;Nawigator;
3987350858;Zoom out;Pomniejsz;
4151159424;Zoom in;Powiększ;
1404523657;Palette Options...;Opcje palety...;
3932631171;Show Grid;Pokaż siatkę;
2108879563;Show Perspective Grid;Pokaż siatkę perspektywy;
2148914237;Show Guides;Pokaż prowadnice;
88490074;Show Impasto;Pokaż impast;
1878951437;Navigator Palette Options;Opcje palety nawigatora;
3014012603;View box;Pole widoku;
4088361766;Color:;Kolor:;
3486827242;Line width:;Szerokość linii:;
3611653619;Thin;Cienka;
3113362408;Thick;Gruba;
3361921393;New Document;Nowy dokument;
2272007480;Name:;Nazwa:;
4025085348;Save...;Zapisz...;
349197418;Delete...;Usuń...;
926113566;Preset:;Zdefiniowany:;
3527732288;Width:;Szerokość:;
1445629573;Height:;Wysokość:;
2747938912;Resolution:;Rozdzielczość:;
3457905642;Mode:;Tryb:;
3649832924;8 Bits/Channel;8 bitów na kanał;
83552678;16 Bits/Channel;16 bitów na kanał;
1793765040;pixels/inch;pikseli/cali;
1884124588;Landscape;Krajobraz;
3030062030;Portrait;Portret;
3098930601;Background;Tło;
1391756069;Contents:;Zawartość:;
3782769851;Color;Kolor;
2173902260;Transparent;Przezroczysty;
1558694477;New Layer Group;Nowa grupa warstw;
3358309595;Name:;Nazwa:;
978568165;Color:;Kolor:;
1074464257;None;Żaden;
526630111;Light blue;Jasny niebieski;
2537933816;Red;Czerwony;
31426992;Green;Zielony;
3514343667;Blue;Niebieski;
3253912045;Yellow;Żółty;
2656795737;Magenta;Karmazynowy;
3268967617;Cyan;Niebieskozielony;
798862770;Light gray;Jasny szary;
340955167;Black;Czarny;
15357479;Custom;Niestandardowy;
1622037013;New Layer;Nowa warstwa;
2248975580;Name:;Nazwa:;
2965782074;Blend:;Miesza.:;
3890081207;Color:;Kolor:;
3611496683;Normal;Normalne;
2105843915;Darken;Ciemniej;
3635844903;Multiply;Mnożenie;
409050689;Lighten;Jaśniej;
1129853550;Screen;Ekran;
1320039524;Difference;Różnica;
901187947;Exclusion;Wykluczenie;
2373976049;Color burn;Ściemnianie;
4262485480;Linear burn;Ściemnianie liniowe;
3963541511;Color dodge;Rozjaśnianie;
1981538622;Hard light;Ostre światło;
939323896;Soft light;Łagodne światło;
1282474870;Color;Kolor;
1138166281;Hue;Barwa;
1445117851;Saturation;Nasycenie;
3612842615;Luminosity;Jasność;
1453893093;Average;Średnie;
4233670831;Overlay;Nakładka;
3807653846;None;Żaden;
1742120483;Light blue;Jasny niebieski;
1321401006;Red;Czerwony;
1556425254;Green;Zielony;
2123760995;Blue;Niebieski;
2379232315;Yellow;Żółty;
747357125;Magenta;Karmazynowy;
1976957689;Cyan;Niebieskozielony;
1141177922;Light gray;Jasny szary;
3293450765;Black;Czarny;
3544414128;Custom;Niestandardowy;
716568958;Opacity:;Krycie:;
253374428;Reset Tool;Zresetuj narzędzie;
2951741607;Reset all Tools;Zresetuj wszystkie narzędzia;
300504413;Fill:;Wypełnienie:;
3636936698;Foreground color;Kolor pierwszoplanowy;
1700932857;Background color;Kolor tła;
2456540802;Gradient;Gradient;
3940120827;Opacity:;Krycie:;
1299353878;Tolerance:;Tolerancja:;
3854550016;Contiguous;Sąsiadujące;
48168314;Cursor:;Kursor:;
1385564310;Mouse only;Tylko mysz;
3482150594;Mouse and tablet;Mysz i tablet;
3617284689;Arrow;Strzałka;
2031758717;Single pixel;Pojedynczy piksel;
1708614721;Standard;Standardowy;
3942082174;Smooth points for:;Gładkie punkty dla:;
1047392983;Basic;Podstawowy;
1825757393;Precise;Precyzyjny;
2728941720;Show brush outline:;Pokaż kontur pędzla:;
3840009459;Ignore first point;Zignoruj pierwszy punkt;
34098070;Indicate clone source while cloning;Wskaż źródło podczas klonowania;
3377088719;Legacy brush resize control;Stara kontrola zmiany rozmiaru pędzla;
303533743;Show brush outline while painting;Pokaż kontur pędzla podczas malowania;
2804466022;Pen Tablet interface:;Interfejs tabletu piórkowego:;
3928217455;Auto detect;Wykryj automatycznie;
2644943962;Wintab;Wintab;
2273986318;Windows Ink;Windows Ink;
1827449478;Pen Calibration;Kalibracja pióra;
3463901542;Scratchpad;Brudnopis;
3380182314;Transposition: 0% - 100%;Transpozycja: 0% - 100%;
2291831248;Pen pressure: 0% - 100%;Nacisk pióra: 0% - 100%;
2819216611;Pressure distribution:;Rozkład nacisku:;
44358615;Minimum pressure:;Minimalny nacisk:;
3506235577;Maximum pressure:;Maksymalny nacisk:;
3097100224;Defaults;Domyślne;
3766780769;History states:;Stany historii:;
931330377;Memory usage:;Zużycie pamięci:;
299441073;Use cache for document representation;Użyj pamięci podręcznej do reprezentacji dokumentu;
1684534889;Temp directory:;Katalog tymczasowy:;
1403846947;Horizontal:;Poziome:;
1484183190;Vertical:;Pionowe:;
2262752274;Spacing:;Odstęp:;
1327975805;Show;Pokaż;
379835049;Reset;Resetuj;
505968958;Preferences;Preferencje;
1941648425;Back;Wstecz;
1262604748;Next;Dalej;
3797997229;Changes will take effect the next time you start Artweaver.;Zmiany zaczną obowiązywać po ponownym uruchomieniu Artweaver.;
1899488605;Preset Manager;Menadżer ustawień predefiniowanych;
1720843073;Import...;Importuj...;
239089156;Export...;Eksportuj...;
3383235385;Brushes;Pędzle;
1223227757;Paper;Papier;
1909360996;Imagestamp;Stempel graficzny;
3334930580;Captured;Przechwycenie;
4098700549;Gradient;Gradient;
4143371227;Custom Shape;Niestandardowy kształt;
3806430532;Preset type:;Typ ustawień predefiniowanych:;
3267976080;Rename preset;Zmień nazwę ustawienia predefiniowanego;
3605315916;Delete preset;Usuń ustawienie predefiniowane;
1898186819;Move down;Przesuń w dół;
3519438897;Move up;Przesuń w górę;
2424542916;Rename Variant...;Zmień nazwę wariantu...;
2488880212;Move Variant...;Przesuń wariant...;
1252258200;Delete Variant;Usuń wariant;
4013664525;Set Default Variant;Ustaw domyślny wariant;
1518980501;Rename Category...;Zmień nazwę kategorii...;
2812677245;Delete Category;Usuń kategorię;
1236554201;Category View;Widok kategorii;
675094113;List;Lista;
908816592;Thumbnail;Miniatura;
821897362;Variant View;Widok wariantu;
1792776155;Stroke Thumbnail;Miniatura pociągnięcia;
123455587;Restore Default Variant;Przywróć domyślny wariant;
3384642197;Restore All Default Variants;Przywróć wszystkie domyślne warianty;
2506159272;Rename Paper...;Zmień nazwę papieru...;
4241682948;Delete Paper;Usuń papier;
1519491643;Rename Imagestamp...;Zmień nazwę stempla graficznego...;
1344697274;Delete Imagestamp;Usuń stempel graficzny;
2669412065;Rename Captured...;Zmień nazwę przechwycenia...;
2661027670;Delete Captured;Usuń przechwycenie;
604383762;Rename Gradient...;Zmień nazwę gradientu...;
292257098;Delete Gradient;Usuń gradient;
4141558535;Rename Custom Shape...;Zmień nazwę niestandardowego kształtu...;
1796273659;Delete Custom Shape;Usuń niestandardowy kształt;
2048817317;Print;Drukuj;
2642289518;Done;Zrobione;
405199867;Page setup...;Ustawienia strony...;
1819150480;Show more options;Pokaż więcej opcji;
2249911482;Position;Pozycja;
4252474548;Center document;Wyśrodkuj dokument;
3984543253;Top:;Góra:;
564372980;Left:;Lewo:;
1530538213;Scaled print size;Przeskalowana wielkość druku;
2986046536;Scale:;Skala:;
1386689443;Height:;Wysokość:;
3893429368;Width:;Szerokość:;
1128518118;Scale to fit media;Skaluj, aby dopasować;
1646797586;Output;Wyjście;
4287881599;Background...;Tło...;
3054912941;Labels;Opisy;
1935215880;Corner crop marks;Znaki przycięcia narożników;
1482229863;Negative;Negatyw;
2807200826;Progress;Postęp;
3376212177;Canvas Size;Rozmiar płótna;
1562644600;Width:;Szerokość:;
3755731998;Height:;Wysokość:;
3937002840;Anchor:;Kotwica:;
3125716579;Canvas extension color:;Kolor rozszerzenia obszaru roboczego:;
2029236972;Foreground color;Kolor pierwszoplanowy;
51394209;Background color;Kolor tła;
3327344;Rotate Canvas;Obróć płótno;
3408636568;Angle:;Kąt:;
1672450096;° CW;° w prawo;
4006645005;° CCW;° w lewo;
3862196605;Angle:;Kąt:;
740548698;Reset;Resetuj;
3117888913;45°;45°;
3646374585;90°;90°;
3455343398;135°;135°;
1970566702;180°;180°;
1332740491;225°;225°;
486638491;270°;270°;
2195004566;315°;315°;
2987424460;New category:;Nowa kategoria:;
1369382249;Select destination category;Wybierz miejsce docelowe kategorii;
825797198;Destination:;Miejsce docelowe:;
2641182899;Create new variant;Utwórz nowy wariant;
3301059073;New variant:;Nowy wariant:;
1292156031;Update variant;Zaktualizuj wariant;
1041986608;Events Options;Opcje wydarzenia;
4019700872;Protection;Ochrona;
945709456;No protection;Brak ochrony;
3314625486;Only allow playback;Dozwolone tylko odtwarzanie;
615665811;Save presets into events file;Zapisz ustawienia predefiniowane w pliku wydarzenia;
1147486084;Capture Imagestamp;Przechwyć stempel graficzny;
35978286;Options;Opcje;
1819684778;Capture multiple elements for imagestamp;Przechwyć wiele elementów stempla graficznego;
102377967;Elements vertical:;Elementy pionowe:;
1959996837;Elements horizontal:;Elementy poziome:;
2820816233;Elements total:;Elementy ogółem:;
2264927475;Name:;Nazwa:;
1562714176;The number of elements is not divisible by the total size of the imagestamp. Therefore the missing area will be added to the imagestamp.;Liczba elementów nie jest podzielna przez całkowitą wielkość stempla graficznego. W związku z tym brakujący obszar zostanie dodany do stempla graficznego.;
1433375806;Save Selection;Zapisz zaznaczenie;
931350145;Destination;Miejsce docelowe;
2063583590;Document:;Dokument:;
3257718074;Selection:;Zaznaczenie:;
45677237;Name:;Nazwa:;
2339369675;Operation;Operacja;
2612871253;New Selection;Nowe zaznaczenie;
1994181222;Add to Selection;Dodaj do zaznaczenia;
1295343752;Subtract from Selection;Odejmij od zaznaczenia;
2898976585;Intersect with Selection;Przytnij z zaznaczenia;
539568766;Document Size;Rozmiar dokumentu;
969501410;Width:;Szerokość:;
4064343928;Height:;Wysokość:;
3136738766;Resolution:;Rozdzielczość:;
206179442;pixels/inch;pikseli/cal;
2647039367;Scale:;Skala:;
2808618781;Constrain proportions;Zachowaj proporcje;
44316019;Resample document:;Przepróbkowanie dokumentu:;
1763323947;Nearest neighbor;Najbliższe otoczenie;
3412103924;Linear;Liniowe;
3333101545;Linear smoother;Gładkie liniowe;
2626841673;Linear sharper;Ostre liniowe;
3676023843;Content-Aware Scale;Skalowanie z uwzględnieniem zawartości;
775183227;Width:;Szerokość:;
924807489;Height:;Wysokość:;
2803909084;Scale:;Skala:;
1158958790;Constrain proportions;Zachowaj proporcje;
589300708;Selection Properties;Właściwości zaznaczenia;
1745940040;Name:;Nazwa:;
2876378811;Selections;Zaznaczenia;
2636974368;Load selection;Wczytaj zaznaczenie;
3589358692;Save selection;Zapisz zaznaczenie;
2853902202;Selection properties;Właściwości zaznaczenia;
2906375516;Duplicate selection;Powiel zaznaczenie;
3668995690;Delete selection;Usuń zaznaczenie;
533333651;New selection;Nowe zaznaczenie;
2651949255;New Selection;Nowe zaznaczenie;
2263470784;Duplicate Selection...;Powiel zaznaczenie...;
2268191089;Delete Selection;Usuń zaznaczenie;
2557905491;Selection Properties...;Właściwości zaznaczenia...;
1606344165;Palette Options...;Opcje palety...;
2224565552;Selections Palette Options;Opcje palety zaznaczeń;
3110844236;Thumbnail size;Rozmiar miniatury;
12588607;Mode:;Tryb:;
2284272397;Intersect with selection;Przytnij z zaznaczenia;
2070443652;Subtract from selection;Odejmij od zaznaczenia;
484769646;Add to selection;Dodaj do zaznaczenia;
3272252429;New selection;Nowe zaznaczenie;
3235590472;Shape:;Kształt:;
3474182651;Rectangle;Prostokąt;
3404242308;Ellipse;Elipsa;
3789225835;Feather:;Wtapianie:;
389393977;Anti-aliased;Wygładzanie;
3162910064;Style:;Styl:;
422675787;Normal;Normalny;
2519654890;Fixed Ratio;Ustalony współczynnik;
1581275241;Fixed Size;Ustalony rozmiar;
1939155098;W:;Pion.:;
1038547638;H:;Poz.:;
1029150449;Select all;Zaznacz wszystko;
3851634425;Select layer content;Zaznacz zawartość warstwy;
1534024571;Deselect;Odznacz;
1167791477;Inverse;Odwróć;
3180721760;Send Feedback;Wyślij opinię;
3782033163;Send;Wyślij;
2672633211;Let us know what we can do to improve.;Daj nam znać, co możemy poprawić.;
3717482684;Give feedback;Przekaż opinię;
2752729568;Report a problem;Zgłoś problem;
1108721196;Your feedback should not contain any personal information (name, address, etc.). You acknowledge that any personal data collected here will be processed in accordance with our <a href="">Privacy Statement</a>.;Twoja opinia nie powinna zawierać żadnych danych osobowych (imienia, nazwiska, adresu itp.). Przyjmujesz do wiadomości, że wszelkie zebrane tutaj dane osobowe będą przetwarzane zgodnie z naszą <a href="">Polityką prywatności</a>.;
3490842256;Describe your problem or feedback;Opisz swój problem lub napisz opinię;
4058829535;Mode:;Tryb:;
337977062;Operate on new layer;Pracuj na nowej warstwie;
1179869636;Operate on current layer;Pracuj na bieżącej warstwie;
4052379309;Shape:;Kształt:;
3027351532;Ellipse;Elipsa;
3580774993;Line;Linia;
802763420;Custom shape;Niestandardowy kształt;
2756457149;Rounded rectangle;Zaokrąglony prostokąt;
2150334439;Polygon;Wielokąt;
2102947387;Rectangle;Prostokąt;
2838646137;Opacity:;Krycie:;
433922000;Anti-aliased;Wygładzanie;
1209693225;Fill;Wypełnienie;
967868602;Radius:;Promień:;
2790504788;Points:;Punkty:;
927383234;Width:;Szerokość:;
40977669;Profile:;Profil:;
1450020353;Captured:;Przechwyć:;
3591631619;Reset brush size;Resetuj rozmiar pędzla;
534912163;Size:;Rozmiar:;
1643892226;Min Size:;Min. rozmiar:;
3785926516;Expression:;Ekspresja:;
2262846476;Feature:;Funkcja:;
1007884188;Sort Color Set;Sortuj zestaw kolorów;
2576528825;Sort by;Sortuj według;
2111193735;Luminance;Jasności;
905737081;Saturation;Nasycenia;
4082406216;Hue;Barwy;
3497118261;Sort descending;Sortuj malejąco;
3504213509;Spacing:;Odstęp:;
3330836167;Min. Spacing:;Min. odstęp:;
2765453638;Continuous Time Deposition;Ciągłe nanoszenie;
100301448;Continous Rate:;Tempo nanoszenia;
3639381318;Profile:;Profil:;
3057295225;Size:;Rozmiar:;
1842982515;Opacity:;Krycie:;
1296930546;Use pen pressure;Uwzględnij nacisk pióra;
3401199862;Hard;Twardy;
1071106804;Soft;Miękki;
46924619;Square;Kwadrat;
1937457089;Jitter:;Drganie:;
4188443627;Mode:;Tryb:;
3004825337;Smoothing:;Wygładzanie:;
3380253410;Merge Mode:;Tryb scalania:;
1546718589;Merge Opacity:;Krycie scalania:;
3579697011;Expression:;Ekspresja:;
2671539926;System Information;Informacje o systemie;
1366927770;Copy;Kopiuj;
964010371;Text;Tekst;
658101234;Reset Text;Resetuj tekst;
2900438359;Sample;Przykład;
2625352368;Size;Rozmiar;
3253765107;Color;Kolor;
943374111;Tracking;Odstęp między literami;
656803352;Leading;Odstęp między wierszami;
2772145678;Align center;Wyśrodkuj;
2865795444;Align left;Wyrównaj do lewej;
1487906721;Align right;Wyrównaj do prawej;
2182719592;Anti-aliased;Wygładzanie;
771191766;All caps;Wersaliki;
58930407;Kerning;Kerning;
559245056;Underline;Podkreślenie;
2170581574;Strikethrough;Przekreślenie;
4190738202;Font:;Czcionka:;
2166802950;Sample;Przykład;
926108827;Size:;Rozmiar:;
2192160437;Anti-aliased;Wygładzanie;
1534463561;Align left;Wyrównaj do lewej;
2442668302;Align center;Wyśrodkuj;
2924606745;Align right;Wyrównaj do prawej;
3703166412;Color:;Kolor:;
162330693;Toggle text palette;Przełącz na paletę tekstu;
3246218641;Apply;Zastosuj;
4014315261;Regular;Regularna;
1023548459;Italic;Kursywa;
1768303600;Bold;Pogrubienie;
2944065912;Bold Italic;Pogrubiona kursywa;
3796010826;Align Left;Wyrównaj do lewej;
2597056749;Align Center;Wyśrodkuj;
1866130679;Align Right;Wyrównaj do prawej;
3193448839;Switch colors;Zamień kolory;
2414344267;Default colors;Domyślne kolory;
1937015264;Cursor:;Kursor:;
3720406397;Standard;Standardowy;
89926187;Single pixel;Pojedynczy piksel;
3443657068;Zoom with scroll wheel;Powiększaj kółkiem myszy;
1847954684;Invert scroll wheel;Odwróć kółko przewijania;
1517048325;Use 3rd mouse button;Użyj trzeciego przycisku myszy;
3686345322;Show transformation frame;Pokaż ramkę przekształcenia;
2493412652;Apply;Zastosuj;
1288514911;Scale:;Skala:;
696794303;% width,;% szerokości,;
4292118400;% height;% wysokości;
3007848217;Rotate:;Obrót:;
3394801623;Skew:;Pochylenie:;
3209744409;% horiz.,;% poziomo,;
387951126;% vert.;% pionowo;
2514968252;Background pattern:;Wzór tła:;
2669186317;Pattern color:;Kolor wzoru:;
3713325759;Light;Jasny;
983556669;Medium;Średni;
2955358485;Dark;Ciemny;
3220593806;None;Żaden;
1737613074;Small;Mały;
405694369;Default;Domyślny;
120668834;Big;Duży;
639097963;Measuring unit:;Jednostka miary:;
2680248074;Update Available;Dostępna jest aktualizacja;
3202320061;Install Update;Zainstaluj aktualizację;
788385397;Later;Później;
3718082129;Release notes;Informacja o wydaniu;
958416956;Automatically check for updates;Automatycznie sprawdzaj dostępność aktualizacji;
397848066;Update type:;Typ aktualizacji:;
1185154136;Upgrade to Plus;Uaktualnij do Plus;
4179554695;Flow:;Przepływ:;
2046558192;Expression:;Ekspresja:;
1638236196;Rate:;Współczynnik:;
8817204;Fringe:;Otoczka:;
5238579;Do not show again;Nie pokazuj ponownie;
3177021841;Zoom in;Powiększ;
1378137545;Zoom out;Pomniejsz;
3686670348;Actual Pixels;Aktualny rozmiar;
2405912993;Fit on Screen;Dopasuj do ekranu;
876574147;Print Size;Rozmiar w druku;
2152133003;Zoom In;Powiększ;
1496371804;Zoom Out;Pomniejsz;
1390397004;Bristles;Włosie;
2784237538;Bristles 20;Włosie 20;
23777678;Bristles 30;Włosie 30;
3272053777;Bristles 40;Włosie 40;
3501565867;Bristles 50;Włosie 50;
2689068853;Bristles 60;Włosie 60;
1930036720;Bristles fine 40;Włosie drobne 40;
2530323062;Bristles fine 60;Włosie drobne 60;
2146156415;Chalk;Kreda;
3759443856;Chalk variable;Kreda zmienna;
180703880;Charcoal;Węgiel drzewny;
77466668;Charcoal hard;Węgiel drzewny twardy;
361957933;Conte dull;Tępe conte;
3352815390;Conte square;Conte kwadratowy;
2725156975;Conte tapered;Conte stożkowy;
585997777;Design marker;Marker projektowy;
626872581;Dry ink;Suchy atrament;
2263678003;Eraser hard;Gumka twarda;
1610521725;Fairy dust;Pył wróżki;
718464234;Impressionist;Impresjonista;
2898144869;Oil pastel;Pastel olejny;
1770514501;Oil pastel chunky;Pastel olejny gruby;
1285119185;Oil pastel round;Pastel olejny okrągły;
2038444603;Oils fine;Drobne oleje;
103543152;Pastel hard;Pastel twardy;
2154013975;Pastel round;Pastel okrągły;
1552049000;Pastel square;Pastel kwadratowy;
746425568;Sponge;Gąbka;
3584146079;Sponge dense;Gąbka gęsta;
346805240;Sponge fine;Gąbka drobna;
3210752780;Sponge square;Gąbka kwadratowa;
3131154001;Anchor;Kotwica;
1192329972;Ant;Mrówka;
4253706983;Arrow 1;Strzałka 1;
97057448;Arrow 2;Strzałka 2;
1636150369;Arrow 3;Strzałka 3;
1609768065;Arrow 4;Strzałka 4;
1482735036;Arrow 5;Strzałka 5;
846997303;Arrow 6;Strzałka 6;
2536306405;Arrow 7;Strzałka 7;
3733263089;Banner;Chorągiew;
4168386204;Bat;Nietoperz;
3530609101;Bicycle;Rower;
3661741233;Biohazard;Zagrożenie biologiczne;
2704890965;Bishop;Goniec;
925180256;Bowling pin;Kręgle;
1038265715;Buddha;Budda;
1287203808;Buddy;Kolega;
139536830;Cat;Kot;
2492614961;Check;Sprawdzone;
739187184;Cloud 1;Chmura 1;
2065218370;Cloud 2;Chmura 2;
73482154;Cloud 3;Chmura 3;
4245247484;Cloud 4;Chmura 4;
2137519207;Cloud 5;Chmura 5;
2841933736;Clubs;Trefl;
1439530217;Colibri;Koliber;
2464754674;Copyright;Prawa autorskie;
3798752556;Crow;Wrona;
909549319;Diamond;Diament;
236562360;Dog;Pies;
356718450;Dollar;Dolar;
1506525224;Dove;Gołąb;
2954370364;Dragon;Smok;
942103173;Euro;Euro;
27180133;Fish;Ryba;
1566846888;Fleur de lis;Lilia;
594653951;Floppy;Dyskietka;
3030302704;Flower 1;Kwiat 1;
884519279;Flower 2;Kwiat 2;
3608489849;Glass 1;Kieliszek 1;
579965211;Glass 2;Kieliszek 2;
3866516507;Globe;Globus;
165632635;Hammer;Młot;
3744282444;Heart;Serce;
2181155470;Hexagon;Sześciokąt;
1543420488;Home;Dom;
890055723;Information;Informacja;
2523435542;Iron;Żelazko;
2092470363;Kanji;Kanji;
3315542863;Knight;Skoczek;
3242052544;Leaf 1;Liść 1;
47016911;Leaf 2;Liść 2;
134677628;Leaf 3;Liść 3;
1790436904;Leaf 4;Liść 4;
1180395926;Leaf 5;Liść 5;
273186039;Lock;Kłódka;
2449595304;Men;Mężczyzna;
3506356173;Note 1;Nuta 1;
1852136177;Note 2;Nuta 2;
3632584811;Ornament;Ornament;
1195199283;Paw;Łapa;
3151257091;Pawn;Pionek;
1616458988;Phone;Telefon;
3072601681;Plane 1;Samolot 1;
3042985;Plane 2;Samolot 2;
1965588908;Plus;Plus;
2529656343;Recycling;Recykling;
3045548454;Rhombus;Romb;
2338373040;Rook;Wieża;
2791520173;Scissors;Nożyczki;
1931076626;Scooter;Skuter;
25329534;Skull;Czaszka;
1261485815;Spade;Pik;
1448633659;Spanner;Klucz;
540935747;Speech bubble 1;Dymek 1;
2987198711;Speech bubble 11;Dymek 11;
1619389315;Speech bubble 12;Dymek 12;
3012086391;Speech bubble 13;Dymek 13;
1726462138;Speech bubble 14;Dymek 14;
618770483;Speech bubble 15;Dymek 15;
4203807433;Speech bubble 16;Dymek 16;
1697638972;Speech bubble 17;Dymek 17;
774306888;Speech bubble 18;Dymek 18;
3958337316;Speech bubble 19;Dymek 19;
921816885;Speech bubble 3;Dymek 3;
105886501;Speech bubble 4;Dymek 4;
3242391706;Speech bubble 5;Dymek 5;
442145757;Speech bubble 6;Dymek 6;
2230332391;Speech bubble 7;Dymek 7;
1530431517;Speech bubble 8;Dymek 8;
2036611690;Speech bubble 9;Dymek 9;
3234353041;Speech bubble 10;Dymek 10;
3034744540;Spider;Pająk;
3222125223;Star 1;Gwiazda 1;
2012259893;Star 2;Gwiazda 2;
2825373916;Statue;Statua;
3665212902;Teddy bear;Pluszowy miś;
516210257;Thought bubble 1;Bańka myśli 1;
4160528578;Thought bubble 2;Bańka myśli 2;
1159744843;Thought bubble 3;Bańka myśli 3;
294025124;Treble;Klucz wiolinowy;
2241177290;Tree 1;Drzewo 1;
2115306619;Tree 2;Drzewo 2;
1351195183;Turtle;Żółw;
397634445;Umbrella;Parasol;
3918109747;Violin;Skrzypce;
255736205;Wolf;Wilk;
378262563;Women;Kobieta;
121524760;X;X;
1992069045;Yin yang;Yin yang;
1710071087;Two-point;Dwa punkty;
4235449422;Blue flames;Niebieskie płomienie;
2300059109;Blue horizon line;Niebieska linia horyzontu;
4283634267;Blue lime;Niebieska limonka;
3575577708;Blue sky;Błękitne niebo;
3607159177;Cloud sky;Zachmurzone niebo;
644411942;Copper;Miedź;
254767691;Electro-indigo;Elektryczne indygo;
3423751572;Geode;Geoda;
2648636502;Golden neon;Złoty neon;
3375200538;Golden sunset;Złoty zachód słońca;
487293680;Gold tones;Złote odcienie;
3912962309;Grey spiral;Szara spirala;
3045779779;King gold;Złoto króla;
3833221386;Lemmon and lime;Limonka i cytryna;
4007169618;Light cyan;Jasny niebieskozielony;
2718885251;Neon glow;Blask neonu;
790507276;Oceanblue;Błękitny ocean;
1137307337;Sepia brown;Brązowa sepia;
3295474140;Spectrum;Spektrum;
3434042346;Stainless steel;Stal nierdzewna;
3193135633;Sun explosion;Eksplodujące słońce;
1684597508;Sun orange;Pomarańczowe słońce;
3562388680;Berries;Owoce jagodowe;
2890057455;Clover leaves;Liście koniczyny;
223905368;Grass;Trawa;
3074989410;Ink blobs;Plamy atramentu;
309650083;Puzzle pieces;Puzzle;
1024508856;Shell collection;Kolekcja muszli;
1670763285;Stone wall;Kamienny mur;
1056011113;Basic paper;Podstawowy;
830194388;Dry cracks;Suche pęknięcia;
1163669092;Handwork;Robótki ręczne;
1429347070;Impuls;Impuls;
3491516732;Irregular linen;Nieregularny len;
3617644352;Pavement;Kostka brukowa;
3063355999;Rough pastel;Chropowaty pastel;
3317039128;Rough silk;Szorstki jedwab;
2112638549;Smoothly;Gładki;
3367216846;Default;Domyślny;
943951609;Clipboard;Schowek;
1315730337;Captured bristle;Przechwycone włosie;
3323371810;Opaque acrylic 20;Kryjący akryl 20;
51348208;Opaque acrylic 40;Kryjący akryl 40;
208195436;Opaque acrylic 60;Kryjący akryl 60;
3648988918;Wet soft acrylic 20;Mokry miękki akryl 20;
3151755369;Wet soft acrylic 40;Mokry miękki akryl 40;
2124061604;Broad wheel airbrush 100;Broad wheel airbrush 100;
3360831861;Broad wheel airbrush 40;Broad wheel airbrush 40;
2639008263;Broad wheel airbrush 60;Broad wheel airbrush 60;
1854440174;Broad wheel airbrush 80;Broad wheel airbrush 80;
2565336782;Coarse spray;Gruby rozpylacz;
2216510257;Digital airbrush;Cyfrowy aerograf;
1949192594;Fine spray;Delikatny rozpylacz;
1335171433;Fine tip soft air 10;Fine tip soft air 10;
787408454;Fine tip soft air 100;Fine tip soft air 100;
407238873;Fine tip soft air 40;Fine tip soft air 40;
3305182894;Fine tip soft air 60;Fine tip soft air 60;
213019097;Fine tip soft air 80;Fine tip soft air 80;
3250206366;Graffiti;Graffiti;
2850698052;Pixel spray;Rozpylacz pikseli;
1517009670;Soft airbrush 100;Miękki aerograf 100;
2374656124;Soft airbrush 40;Miękki aerograf 40;
1497874724;Soft airbrush 60;Miękki aerograf 60;
2233047206;Soft airbrush 80;Miękki aerograf 80;
4184251436;Tiny spattery airbrush;Mały stawiacz kleksów aerograf;
1101564199;Variable splatter;Zmienny stawiacz kleksów;
277902139;Seurat;Georges Seurat;
632003614;Van gogh;Vincent van Gogh;
2217422316;Broad smooth pen 80;Szerokie gładkie pióro 80;
2445941488;Calligraphy;Kaligraficzny;
457949984;Calligraphy brush 20;Pędzel kaligraficzny 20;
1088640382;Calligraphy brush 40;Pędzel kaligraficzny 40;
3210840056;Calligraphy pen 50;Pióro kaligraficzne 50;
1044319946;Grainy pen 30;Pióro ziarniste 30;
64008641;Smooth edge 30;Gładka krawędź 30;
464651009;Thin smooth pen 20;Cienkie gładkie pióro 20;
3695819751;Wide stroke 100;Szerokie pociągnięcie 100;
1796884969;Blunt chalk 20;Tępa kreda 20;
3850147547;Blunt chalk 40;Tępa kreda 40;
1818970328;Blunt chalk 60;Tępa kreda 60;
3998706004;Dull grainy chalk 10;Tępa ziarnista kreda 10;
1467505277;Dull grainy chalk 40;Tępa ziarnista kreda 40;
45227049;Dull grainy chalk 60;Tępa ziarnista kreda 60;
3624697925;Large chalk;Duża kreda;
3300895;Sharp chalk;Ostra kreda;
777605063;Square chalk;Kwadratowa kreda;
944596811;Square chalk 70;Kwadratowa kreda 70;
1179926578;Tapered artist chalk 20;Kreda artystyczna stożkowa 20;
2279395963;Tapered artist chalk 40;Kreda artystyczna stożkowa 40;
3005952255;Variable chalk;Zmienna kreda;
1467323029;Charcoal pencil 10;Ołówek węgielny 10;
3853820967;Charcoal pencil 14;Ołówek węgielny 14;
678131340;Charcoal pencil 6;Ołówek węgielny 6;
567719858;Hard charcoal 20;Twardy węgiel 20;
2115908790;Hard charcoal 40;Twardy węgiel 40;
3288931881;Hard charcoal 60;Twardy węgiel 60;
479744204;Sharp charcoal pencil 10;Ostry ołówek węgielny 10;
1002480396;Sharp charcoal pencil 14;Ostry ołówek węgielny 14;
1874553945;Sharp charcoal pencil 6;Ostry ołówek węgielny 6;
1602481408;Soft charcoal;Miękki węgiel;
1751815463;Soft vine charcoal 20;Miękki węgiel winorośli 20;
96616188;Soft vine charcoal 40;Miękki węgiel winorośli 40;
12152051;Soft vine charcoal 60;Miękki węgiel winorośli 60;
2447901277;Covered edges 30;Zakryte krawędzie 30;
1488656556;Covered edges 50;Zakryte krawędzie 50;
1500820612;Covered flat 15;Zakryte płaskie 15;
4013406077;Covered flat 30;Zakryte płaskie 30;
4263971913;Grainy edges 30;Ziarniste krawędzie 30;
1142987254;Grainy edges 50;Ziarniste krawędzie 50;
1970044839;Dull conte 15;Tępe conte 15;
2570688521;Dull conte 30;Tępe conte 30;
1587489037;Dull conte 50;Tępe conte 50;
1724185491;Square conte 15;Conte kwadratowy 15;
3077491392;Square conte 30;Conte kwadratowy 30;
1609442983;Square conte 50;Conte kwadratowy 50;
3574044555;Tapered conte 15;Conte stożkowy 15;
1830669455;Tapered conte 30;Conte stożkowy 30;
2417058206;Tapered conte 50;Conte stożkowy 50;
3377410353;Basic crayons;Kredki podstawowe;
2809996764;Grainy hard crayon 14;Kredka ziarnista twarda 14;
4044750554;Grainy hard crayon 24;Kredka ziarnista twarda 24;
432657462;Med dull crayon 14;Kredka med dull 14;
3741899487;Med dull crayon 24;Kredka med dull 24;
1150108900;Waxy crayons;Kredki woskowe;
2707399362;Block eraser 20;Blok gumki 20;
2044869566;Block eraser 40;Blok gumki 40;
6994342;Eraser;Gumka;
3197997879;Flat eraser;Płaska gumka;
1435379150;Kneadable eraser;Gumka chlebowa (ugniatana);
3584378742;Blunt tip 10;Tępa końcówka 10;
472346069;Blunt tip 14;Tępa końcówka 14;
2112679106;Blunt tip 6;Tępa końcówka 6;
16243130;Design marker 20;Marker projektowy 20;
2137463506;Design marker 40;Marker projektowy 40;
790204585;Dirty marker;Brudny marker;
2394372911;Dirty marker 20;Brudny marker 20;
2458900098;Dirty marker 40;Brudny marker 40;
1350270236;Felt marker;Marker filcowy;
4239868433;Fine tip;Cienka końcówka;
464763270;Medium tip felt pens;Średnia końcówka długopisu filcowego;
2215289559;Thick n thin marker 20;Gruby n cienki marker 20;
714629811;Thick n thin marker 30;Gruby n cienki marker 30;
3956755339;Thick n thin marker 40;Gruby n cienki marker 40;
1468378228;Hairy brush flat;Włochaty pędzel płaski;
3932710895;Hairy brush round;Włochaty pędzel okrągły;
3569344016;Long bristles;Długie włosie;
698069430;Tapered flat;Stożkowy płaski;
33752974;Tapered oval;Stożkowy owalny;
3122978586;Tapered round;Stożkowy okrągły;
4070843053;Variable round;Zmienny okrągły;
1123308128;Wet brush;Mokry pędzel;
3245106927;Linear 120;Liniowy 120;
2683323706;Linear 40;Liniowy 40;
1770771483;Linear 80;Liniowy 80;
3284526873;Pressure 120;Nacisk 120;
3970025617;Pressure 40;Nacisk 40;
2273900852;Pressure 80;Nacisk 80;
3292463189;Random 120;Losowy 120;
3849239867;Random 40;Losowy 40;
3258697071;Random 80;Losowy 80;
1202817925;Spray linear 120;Sprej liniowy 120;
3743886738;Spray linear 40;Sprej liniowy 40;
1965910071;Spray linear 80;Sprej liniowy 80;
3833255877;Spray pressure 120;Sprej nacisk 120;
2223275673;Spray pressure 40;Sprej nacisk 40;
3773115681;Spray pressure 80;Sprej nacisk 80;
3770813861;Spray random 120;Sprej losowy 120;
3891309433;Spray random 40;Sprej losowy 40;
380387819;Spray random 80;Sprej losowy 80;
1943469732;Chunky oil pastel 20;Gruby pastel olejny 20;
553324634;Chunky oil pastel 40;Gruby pastel olejny 40;
632100569;Chunky oil pastel 60;Gruby pastel olejny 60;
327101224;Round oil pastel 20;Okrągły pastel olejny 20;
539922333;Round oil pastel 40;Okrągły pastel olejny 40;
1572179447;Round oil pastel 60;Okrągły pastel olejny 60;
1606742738;Soft oil pastel 20;Miękki pastel olejny 20;
2987423398;Soft oil pastel 30;Miękki pastel olejny 30;
2542467773;Soft oil pastel 40;Miękki pastel olejny 40;
1998391952;Variable oil pastel;Zmienny pastel olejny;
3856290377;Variable oil pastel 10;Zmienny pastel olejny 10;
1614867925;Variable oil pastel 20;Zmienny pastel olejny 20;
1435956315;Variable oil pastel 40;Zmienny pastel olejny 40;
3058055008;Fine feathering 40;Delikatne piórkowanie 40;
3010448344;Fine feathering 60;Delikatne piórkowanie 60;
2896663040;Fine soft glazing 20;Delikatne miękkie glazurowanie 20;
867760572;Fine soft glazing 40;Delikatne miękkie glazurowanie 40;
4047880195;Fine soft glazing 60;Delikatne miękkie glazurowanie 60;
2120022672;Medium bristle oils 30;Średnie włosie olejne 30;
1565186063;Medium bristle oils 50;Średnie włosie olejne 50;
2536428313;Blunt hard pastel 80;Tępy twardy pastel 80;
3534936721;Round hard pastel 20;Okrągły twardy pastel 20;
4202431298;Round hard pastel 50;Okrągły twardy pastel 50;
2955492956;Round hard pastel 80;Okrągły twardy pastel 80;
55047601;Round soft pastel 20;Okrągły miękki pastel 20;
3042123761;Round soft pastel 50;Okrągły miękki pastel 50;
449967272;Round soft pastel 80;Okrągły miękki pastel 80;
1754736671;Round x-soft pastel 20;Okrągły x-miękki pastel 20;
3996542946;Round x-soft pastel 40;Okrągły x-miękki pastel 40;
3942757577;Round x-soft pastel 60;Okrągły x-miękki pastel 60;
2096178709;Square hard pastel 20;Kwadratowy twardy pastel 20;
3170462256;Square hard pastel 40;Kwadratowy twardy pastel 40;
698968387;Square hard pastel 60;Kwadratowy twardy pastel 60;
228221953;Square x-soft pastel 20;Kwadratowy x-miękki pastel 20;
111508880;Square x-soft pastel 40;Kwadratowy x-miękki pastel 40;
1998922886;Square x-soft pastel 60;Kwadratowy x-miękki pastel 60;
2167459790;2B pencil;Ołówek 2B;
2257597754;Cover pencil;Kryjący ołówek;
3764113074;Drafting pen;Kreślarski ołówek;
1637100444;Flattened pencil;Spłaszczony ołówek;
3649733163;Grainy cover pencil 10;Ziarnisty kryjący ołówek 10;
1250324637;Grainy cover pencil 5;Ziarnisty kryjący ołówek 5;
3523122686;Grainy Pencil 10;Ziarnisty ołówek 10;
1810983041;Grainy pencil 5;Ziarnisty ołówek 5;
594921071;Mechanical pencil 2;Mechaniczny ołówek 2;
199247144;Mechanical pencil 3;Mechaniczny ołówek 3;
3639122892;Pencil;Ołówek;
1082706239;Add contrast;Dodaj kontrast;
2603748832;Add grain;Dodaj ziarno;
4240891207;Blur;Rozmycie;
4124416445;Burn;Ściemnianie;
2478679995;Dodge;Rozjaśnianie;
4282168185;Remove saturation;Usuń nasycenie;
1083874424;Sharpen;Wyostrzanie;
1681940;Spread broad 100;Rozpiętość szeroka 100;
738399584;Spread precise 100;Rozpiętość precyzyjna 100;
2576753382;Spread broad 10;Rozpiętość szeroka 10;
3509723772;Spread precise 10;Rozpiętość precyzyjna 10;
1918808564;Spread broad 125;Rozpiętość szeroka 125;
4191787170;Spread precise 125;Rozpiętość precyzyjna 125;
3419909880;Spread broad 12;Rozpiętość szeroka 12;
25037870;Spread precise 12;Rozpiętość precyzyjna 12;
1854208975;Spread broad 150;Rozpiętość szeroka 150;
2761823062;Spread precise 150;Rozpiętość precyzyjna 150;
2853433313;Spread broad 15;Rozpiętość szeroka 15;
17986789;Spread precise 15;Rozpiętość precyzyjna 15;
987168593;Spread broad 175;Rozpiętość szeroka 175;
3919213070;Spread precise 175;Rozpiętość precyzyjna 175;
699155939;Spread broad 200;Rozpiętość szeroka 200;
3053188668;Spread precise 200;Rozpiętość precyzyjna 200;
3636733351;Spread broad 20;Rozpiętość szeroka 20;
1423869827;Spread precise 20;Rozpiętość precyzyjna 20;
66731460;Spread broad 25;Rozpiętość szeroka 25;
3264735941;Spread precise 25;Rozpiętość precyzyjna 25;
3318971913;Spread broad 35;Rozpiętość szeroka 35;
4001984099;Spread precise 35;Rozpiętość precyzyjna 35;
1673291904;Spread broad 3;Rozpiętość szeroka 3;
3229103442;Spread precise 3;Rozpiętość precyzyjna 3;
482578396;Spread broad 45;Rozpiętość szeroka 45;
1069735429;Spread precise 45;Rozpiętość precyzyjna 45;
74504019;Spread broad 5;Rozpiętość szeroka 5;
1482146257;Spread precise 5;Rozpiętość precyzyjna 5;
4239701303;Spread broad 60;Rozpiętość szeroka 60;
1244928866;Spread precise 60;Rozpiętość precyzyjna 60;
3224069143;Spread broad 75;Rozpiętość szeroka 75;
2532994136;Spread precise 75;Rozpiętość precyzyjna 75;
47947605;Spread broad 8;Rozpiętość szeroka 8;
3903349696;Spread precise 8;Rozpiętość precyzyjna 8;
505457310;Smear;Rozsmarowanie;
922507432;Smear 20;Rozsmarowanie 20;
2089827522;Smear 40;Rozsmarowanie 40;
1005658577;Smear 60;Rozsmarowanie 60;
4056800843;Soft smear 20;Miękkie rozsmarowanie 20;
138716249;Soft smear 40;Miękkie rozsmarowanie 40;
1631754503;Soft smear 60;Miękkie rozsmarowanie 60;
3068481289;Dense sponge 120;Gęsta gąbka 120;
470594072;Fine sponge 120;Delikatna gąbka 120;
2044158943;Glazing sponge 120;Glazurująca gąbka 120;
3295911140;Square sponge 200;Kwadratowa gąbka 200;
1371221395;Classic;Klasyczny;
3850482339;Flat;Płaski;
1895038695;Flat glaze;Płaska glazura;
3447176505;Grainy;Ziarnisty;
3858677967;Hard knife;Twardy nóż;
2868315464;Natural;Naturalny;
339152494;Pigment glaze;Pigmentowa glazura;
1062169872;Smooth picking;Smooth picking;
3568432877;Soft knife;Miękki nóż;
4201193938;Thick;Gruby;
1660364904;With grain;Z ziarnem;
2170354746;Twirl ccw;Wirówka w lewo;
1928363103;Twirl cw;Wirówka w prawo;
2298271813;Warp;Wypaczenie;
1807830289;Zoom in;Powiększ;
3624827536;Zoom out;Pomniejsz;
1986454207;Dry 15;Suchy 15;
3705579908;Dry 30;Suchy 30;
6197160;Dry 50;Suchy 50;
660406838;Grainy wet 15;Ziarnisty mokry 15;
1587513179;Grainy wet 30;Ziarnisty mokry 30;
34697865;Grainy wet 50;Ziarnisty mokry 50;
3989844116;Intensive 15;Intensywny 15;
4076815056;Intensive 30;Intensywny 30;
1952623879;Intensive 50;Intensywny 50;
4171090204;Very wet 15;Bardzo mokry 15;
2498603413;Very wet 30;Bardzo mokry 30;
3489704876;Very wet 50;Bardzo mokry 50;
1456122690;Wet 15;Mokry 15;
185876427;Wet 30;Mokry 30;
1638975862;Wet 50;Mokry 50;
352347037;Acrylics;Akryle;
96512485;Airbrushes;Aerografy;
1003129461;Artists;Artystyczne;
3165846753;Coloring;Kolorowanie;
3793303670;Conte;Conte;
2397973731;Crayons;Kredki;
2141409235;Erasers;Gumki;
545671386;Felt pens;Pisaki;
649942530;Hairy brush;Włochaty pędzel;
923035467;Imagestamps;Stemple graficzne;
4199227197;Oil pastels;Pastele olejne;
1627455723;Oils;Oleje;
4086275380;Pastels;Pastele;
2013265713;Pencils;Ołówki;
2254042449;Photo;Fotografia;
2340445305;Pixelspray;Piksel sprej;
3020400687;Sponges;Gąbki;
3855227743;Thick impasto by dwsel;Gruby impast od dwsel;
2893483341;Watercolor;Akwarele;
2327552271;An unknown error has occurred while performing the current command.;Wystąpił nieznany błąd podczas wykonywania aktualnego polecenia.;
1612742857;The color depth / resolution of this %s file is not supported.;Głębia kolorów lub rozdzielczość w pliku %s nie jest obsługiwana.;
202697893;This is not a valid %s file.;To nie jest prawidłowy plik %s.;
687082472;Could not complete your request because there is not enough memory available.;Nie można wykonać żądania, ponieważ nie ma wystarczająco dużo dostępnej pamięci.;
2818140237;Could not complete your request because the document size is not supported.;Nie można wykonać żądania, ponieważ rozmiar dokumentu nie jest obsługiwany.;
706797566;OK;OK;
4186719872;Cancel;Anuluj;
3908541549;Defaults;Domyślny;
2309837531;Preview;Podgląd;
3205549410;Invert;Odwróć;
508469005;Brightness/Contrast;Jasność/Kontrast;
1412062012;Brightness:;Jasność:;GUI
203857174;Contrast:;Kontrast:;GUI
3040300754;BMP;BMP;Format name, translation normally not needed
3535186837;Bitmap (*.Bmp;*.Rle);Bitmapa (*.Bmp;*.Rle);
607819493;24 bits/pixel;24 bity na piksel;GUI
3050116464;32 bits/pixel;32 bity na piksel;GUI
2460539923;Color depth;Głębia koloru;GUI
3727904151;Bitmap options;Opcje bitmap;GUI
1439203862;16 bits/pixel;16 bitów na piksel;GUI
1581649633;TARGA;TARGA;Format name, translation normally not needed
3153842905;TARGA (*.Tga;*.Vda;*.Icb;*.Vst);TARGA (*.Tga;*.Vda;*.Icb;*.Vst);
4062706763;24 bits/pixel;24 bity na piksel;GUI
3316174034;32 bits/pixel;32 bity na piksel;GUI
1781845626;Color depth;Głębia koloru;GUI
3093149676;Compress (RLE);Kompresuj (RLE);GUI
690966795;TARGA options;Opcje TARGA;GUI
3468374257;Auto Levels;Automatyczne poziomy;
3756268524;Channel Mixer;Mieszanie kanałów;
147675847;Output channel:;Kanał wyjściowy:;GUI
441739583;Red;Czerwony;GUI
1954672417;Green;Zielony;GUI
3099615474;Blue;Niebieski;GUI
68661842;Source channels;Kanały źródłowe;GUI
4187589246;Red:;Czerwony:;GUI
3771957007;Green:;Zielony:;GUI
3445915225;Blue:;Niebieski:;GUI
1966924321;Constant:;Stały:;GUI
507938695;Monochrom;Monochromatyczny;GUI
3230592601;Color Balance;Balans kolorów;
1867226169;Color levels:;Poziomy koloru:;GUI
3171025546;Cyan;Nieb. ziel.;GUI
3965462575;Magenta;Karmazyn.;GUI
2100180488;Yellow;Żółty;GUI
437588464;Red;Czerwony;GUI
1426054931;Green;Zielony;GUI
8153771;Blue;Niebieski;GUI
3906906086;Shadows;Cienie;GUI
4069979016;Midtones;Półcienie;GUI
1833730895;Highlights;Podświetlenia;GUI
4167589371;Preserve luminosity;Utrzymaj luminację;GUI
3236853127;Tone:;Odcień:;GUI
306664379;Colorize;Koloryzuj;
1171509085;Hue:;Barwa:;GUI
317663468;Saturation:;Nasycenie:;GUI
3999478944;Lightness:;Jasność:;GUI
379847003;Desaturate;Desaturacja;
2273605345;Grayscale;Skala szarości;
3131931188;Red:;Czerwony:;GUI
4008033225;Green:;Zielony:;GUI
3326916576;Blue:;Niebieski:;GUI
715908012;Posterize;Posteryzacja;
2180103153;Levels:;Poziomy:;GUI
3856655385;Add Noise;Dodaj szum;
3548838957;Amount:;Ilość:;GUI
1263864768;Monochromatic;Monochromatyczny;GUI
731948333;Remove Red Eyes;Usuń czerwone oczy;
395182917;Please select the area around the red eye to apply this filter.;Wybierz obszar wokół czerwonych oczu, aby zastosować ten filtr.;GUI
2122624441;Threshold:;Próg:;GUI
541055065;Filmgrain;Ziarno błony fotograficznej;
362076932;Amount:;Ilość:;GUI
2847946102;OldLook;Postarzanie;
970573490;Grain:;Ziarno:;GUI
3029796550;Strength:;Siła:;GUI
892089889;Blur;Rozmycie;
1343123000;Blur More;Więcej rozmycia;
1604333145;Sharpen;Wyostrzanie;
1218949556;Sharpen More;Więcej wyostrzenia;
4170707802;Auto Select;Automatyczne zaznaczanie;
1077387357;Method:;Metoda:;GUI
4237778886;Document luminance;Jasność dokumentu;GUI
2715660473;Foreground color;Kolor pierwszoplanowy;GUI
4262956209;Background color;Kolor tła;GUI
3688829443;Invert;Odwróć;GUI
283845702;Apply Bumpiness;Wyboistość;
1369329401;Angle:;Kąt:;GUI
2338142377;Depth:;Głębia:;GUI
69655583;Invert;Odwróć;GUI
2114999282;Clouds;Chmury;
671516947;Turbulent;Turbulencja;GUI
194383100;Random noise:;Losowy szum:;GUI
110110167;Reseed;Wygeneruj ponownie;GUI
3517853597;Difference Clouds;Chmury różnicowe;
3241953410;Turbulent;Turbulencja;GUI
459410977;Random noise:;Losowy szum:;GUI
1134830399;Reseed;Wygeneruj ponownie;GUI
524671345;Emboss;Płaskorzeźba;
1362189434;Angle:;Kąt:;GUI
4097174263;Depth:;Głębia:;GUI
820938421;Color Emboss;Kolor płaskorzeźby;
2894542312;Angle:;Kąt:;GUI
4107475944;Depth:;Głębia:;GUI
324084880;Duotone;Bichromia;
1795003807;Red tones;Czerwony odcień;GUI
1034221311;Green tones;Zielony odcień;GUI
3953852451;Blue tones;Niebieski odcień;GUI
111977967;Mode;Tryb;GUI
1840348877;Fisheye;Rybie oko;
2523263201;Strength:;Siła:;GUI
3759170068;Leave original pixels;Pozostaw oryginalne piksele;GUI
2581746225;Set to background color;Ustaw kolor tła;GUI
515117059;Set to transparent;Ustaw przezroczystość;GUI
2817065212;Undefined areas;Niezdefiniowane obszary;GUI
192599718;Gaussian Blur;Rozmycie Gaussa;
1974058318;Radius:;Promień:;GUI
4249032430;Lens;Obiektyw;
799596014;Strength:;Siła:;GUI
3335886765;Leave original pixels;Zostaw oryginalne piksele;GUI
4061675406;Set to background color;Ustaw kolor tła;GUI
4185454221;Set to transparent;Ustaw przezroczystość;GUI
1224702526;Undefined areas;Obszary niezdefiniowane;GUI
3175124552;Lined Paper;Linie papieru;
3426288272;Type:;Typ:;GUI
1605051422;Horizontal spacing:;Odstęp poziomy:;GUI
3408954902;Vertical spacing:;Odstęp pionowy:;GUI
1600962958;Line width:;Grubość linii:;GUI
1553383913;Grid color:;Kolor siatki:;GUI
990639293;Background:;Tło:;GUI
662227158;Squares;Kratka;GUI
1505088442;Horizontal lines;Linie poziome;GUI
2191562728;Vertical lines;Linie pionowe;GUI
2194678209;Dots;Kropki;GUI
856347853;Transparency;Przezroczystość;GUI
135801625;Motion Blur;Rozmycie w ruchu;
1061662842;Linear;Liniowa;GUI
642483086;Radial;Promienista;GUI
4216178509;Zoom;Powiększenie;GUI
3325701581;Blur method;Metoda rozmycia;GUI
1596306575;Distance:;Odległość:;GUI
1048122812;Angle:;Kąt:;GUI
133790099;Oilify;Olejowanie;
3767395283;Radius:;Promień:;GUI
956534005;Ripple;Pofalowanie;
2740795345;Sine;Sinusoidalny;GUI
674374080;Triangle;Trójkątny;GUI
3248023759;Type;Typ;GUI
4020617113;Horizontal;Pozioma;GUI
547107809;Vertical;Pionowa;GUI
119258566;Orientation;Orientacja;GUI
2617825862;Wavelength:;Długość fali:;GUI
4219503723;Amplitude:;Amplituda:;GUI
4196280289;Wrap around;Zawijaj;GUI
605374634;Set to background color;Ustaw kolor tła;GUI
841430479;Repeat edge pixels;Powtarzaj piksele krawędzi;GUI
175781583;Set to transparent;Ustaw przezroczystość;GUI
4259022778;Undefined areas;Obszary niezdefiniowane;GUI
1310574831;Mosaic;Mozaika;
351965587;Size:;Rozmiar:;GUI
572809398;Color Range;Zakres kolorów;
3105462451;Selection;Zaznaczenie;GUI
3709732715;Document;Dokument;GUI
4101888953;Sampled color;Kolor próbki;GUI
260367983;Foreground color;Kolor pierwszoplanowy;GUI
2816265332;Background color;Kolor tła;GUI
3371555350;Select:;Wybierz:;GUI
943639780;Tolerance:;Tolerancja:;GUI
2158572916;Invert;Odwróć;GUI
4270286485;Set Transparency;Ustaw przezroczystość;
3748877802;Sampled color;Kolor próbki;GUI
1681061992;Foreground color;Kolor pierwszoplanowy;GUI
3205168828;Background color;Kolor tła;GUI
178929820;Select:;Wybierz:;GUI
1471025205;Tolerance:;Tolerancja:;GUI
352611286;Smart Blur;Inteligentne rozmycie;
1558469075;Radius:;Promień:;GUI
838245842;Threshold:;Próg:;GUI
109557804;Solarize;Solaryzacja;
550905765;Threshold:;Próg:;GUI
3583884288;Spread;Rozpiętość;
3910658475;Amount:;Wartość:;GUI
2103621701;Tilt Shift;Tilt Shift;
3425658260;Blur:;Rozmycie:;GUI
354246761;Transition:;Przejście:;GUI
1128696596;Size:;Rozmiar:;GUI
1707102778;Center:;Środek:;GUI
2543080139;Options;Opcje;GUI
2334087488;Unsharp Mask;Maska wyostrzająca;
2035343643;Strength:;Siła:;GUI
3174667098;Radius:;Promień:;GUI
1679841477;Threshold:;Próg:;GUI
862697126;Waves;Fale;
3254589207;Amplitude:;Amplituda:;GUI
3080147192;Wavelength:;Długość fali:;GUI
1230201419;Whirl/Pinch;Wir;
323241338;Angle:;Kąt:;GUI
25661013;Strength:;Wartość:;GUI
3592949487;PCX;PCX;Format name, translation normally not needed
1832645130;PCX (*.Pcx);PCX (*.Pcx);
3917754653;An image format module that reads and writes the PCX format.;Moduł odczytu i zapisu plików obrazu formatu PCX.;
3359675712;JPEG;JPEG;Format name, translation normally not needed
19433621;JPEG (*.Jpg;*.Jpeg;*.Jpe);JPEG (*.Jpg;*.Jpeg;*.Jpe);
2675004745;JPEG options;Opcje JPEG;GUI
2545802581;Low quality #PARA (small file);Niska jakość #PARA (mały plik);GUI
3405418913;High quality #PARA (large file);Wysoka jakość #PARA (duży plik);GUI
1991305365;Progressive;Progresywny;GUI
4067420882;Quality: (%s);Jakość: (%s);GUI
2971036158;Save EXIF data;Zapisz dane EXIF;GUI
2873975379;Photoshop® PSD;Photoshop® PSD;Format name, translation normally not needed
3972936233;Photoshop® (*.Psd);Photoshop® (*.Psd);
2364858142;Photoshop® (*.Psd;*.Psb);Photoshop® (*.Psd;*.Psb);
4243252590;An image format module that reads and writes the Adobe® Photoshop® PSD format.;Moduł odczytu i zapisu plików obrazu Adobe® Photoshop® PSD.;
2590347582;Quick mask;Szybka maska;Quick Mask selection channel
4099431143;PSD information;Informacje o PSD;GUI
1071271991;Do not show again;Nie pokazuj ponownie;GUI
1715267829;The document contains entries which are not supported by Artweaver. Those entries will be ignored.;Dokument zawiera wpisy, które nie są obsługiwane przez Artweaver. Wpisy te zostaną zignorowane.;GUI
3560512218;The document contains layer masks which are not supported by Artweaver. Those layer masks will be applied.;Dokument zawiera warstwy, które nie są obsługiwane przez Artweaver. Warstwy te zostaną zignorowane.;GUI
2974672189;The document contains blend modes which are not supported by Artweaver. Those blend modes will be ignored.;Dokument zawiera tryby mieszania, które nie są obsługiwane przez Artweaver. Tryby te zostaną zignorowane.;GUI
2653034053;The document contains a color depth of 16 bits/channel which is not supported by Artweaver. The color depth will be reduced to 8 bits/channel.;Dokument zawiera 16-bitową głębię kolorów, która nie jest wspierana przez Artweaver. Głębia kolorów zostanie zmniejszona do 8 bitów.;GUI
2405310677;The document contains text layers which were updated by Artweaver. Therefore they can differ from the original document.;Dokument zawiera warstwy tekstowe, które zostały zaktualizowane przez Artweaver. Warstwy te mogą się różnić od oryginalnego dokumentu.;GUI
8480321;Some text layers contain fonts that are missing. The missing fonts were replaced by a default font. Missing fonts: %s.;Niektóre warstwy tekstowe zawierają brakujące czcionki. Brakujące czcionki zostały zastąpione domyślną czcionką. Brakujące czcionki: %s.;GUI
1313841112;PDF;PDF;Module name, translation normally not needed
2360602897;An image export module that writes the PDF format.;Moduł odpowiedzialny za eksport obrazu do formatu PDF.;
1544188526;Export as PDF;Eksportuj do PDF;Save Dialog
2813337984;PDF (*.Pdf);PDF (*.Pdf);Save Dialog
2512625066;PDF-Export;Eksportuj do PDF;GUI
3622485206;Title:;Tytuł:;GUI
570071742;Subject:;Treść:;GUI
1383979482;Author:;Autor:;GUI
4100340989;Keywords:;Słowa kluczowe:;GUI
3729266522;Compress PDF;Kompresuj PDF;GUI
452599711;TIFF;TIFF;Format name, translation normally not needed
395715099;TIFF (*.Tif;*.Tiff);TIFF (*.Tif;*.Tiff);
224552413;An image format module that reads and writes the TIFF format.;Moduł odczytu i zapisu plików obrazu TIFF.;
4246700549;TIFF options;Opcje TIFF;GUI
927792355;Compression;Kompresja;GUI
2173208657;Quality:;Jakość:;GUI
382848587;None;Żadna;GUI
1055474271;LZW;LZW;GUI
1840621371;ZIP;ZIP;GUI
1797183544;JPEG;JPEG;GUI
1703571015;Transparency;Przezroczystość;GUI
1858328240;Save EXIF data;Zapisz dane EXIF;GUI
1452614668;Grayscale;Skala szarości;GUI
3074119000;WIA;WIA;
54748895;WIA Support;Obsługa WIA;
1256820747;An import module for the Windows Image Acquisition (WIA) interface.;Moduł importu dla interfejsu Windows Image Acquisition (WIA).;
544416328;WIA import;Import WIA;GUI
885226496;No WIA compatible devices were detected. Check that your device is plugged in to the computer and the power is turned on.;Nie wykryto urządzeń zgodnych z WIA. Sprawdź, czy urządzenie jest podłączone do komputera i czy zostało włączone.;GUI
1283182814;Cannot connect to WIA. Please make sure that WIA 2.0 is properly installed on your system.;Nie można połączyć się z WIA. Upewnij się, że WIA 2.0 zostało prawidłowo zainstalowane w systemie.;GUI
3856562711;Lighting Effects;Efekty świetlne;
609504365;A filter module to render lighting effects.;Wtyczka do renderowania efektów świetlnych.;
2894494916;Save;Zapisz;GUI
2817043994;Lighting Presets (*.Als);Predefiniowane ustawienia oświetlenia (*.Als);GUI
378235507;Open;Otwórz;GUI
3124998388;Load...;Wczytaj...;GUI
1127421548;Save...;Zapisz...;GUI
278672827;Light type:;Typ światła:;GUI
30521286;Spot;Punktowy;GUI
2805999019;Diffuse;Rozproszony;GUI
29179660;Visible;Widoczny;GUI
1154769197;Light color:;Kolor światła:;GUI
3121127873;Intensity:;Natężenie:;GUI
2407188739;Focus:;Skupienie:;GUI
1195396901;Ambience:;Atmosfera:;GUI
1924556011;Exposure:;Ekspozycja:;GUI
2103707648;Gloss:;Połysk:;GUI
687684016;Properties;Właściwości;GUI
2944554908;Custom;Niestandardowy;
401864181;A customizable 5x5 matrix convolution filter.;Konfigurowalny filtr splotu macierzy 5x5.;
634162637;Open;Otwórz;GUI
107969003;Save;Zapisz;GUI
3504242006;Preset:;Zdefiniowany:;GUI
1725420717;Scale:;Skala:;GUI
2479702351;Offset:;Przesunię.:;GUI
414778902;Custom Filters(*.Acf);Niestandardowe filtry (*.Acf);GUI
3887331550;Sharpen;Wyostrzanie;Preset
1329624053;Blur;Rozmycie;Preset
2901296801;Edge detect;Wykryj krawędź;Preset
1652374951;Emboss;Płaskorzeźba;Preset
4243167202;Filter Gallery;Galeria filtrów;
4224677481;A filter module to apply different filters.;Moduł odpowiedzialny za stosowanie rozmaitych filtrów.;
2982583932;Rasterized lines;Rasteryzuj linie;GUI (Rasterlines-Filter)
3189996059;Threshold:;Progowanie:;GUI (Rasterlines-Filter)
2913020779;Glass tiles;Szklane płytki;GUI (Glasstile-Filter)
459918512;Tile width:;Szerokość płytki:;GUI (Glasstile-Filter)
322945668;Tile height:;Wysokość płytki:;GUI (Glasstile-Filter)
4118919230;Glow;Poświata;GUI (Glow-Filter)
4233331904;Radius:;Promień:;GUI (Glow-Filter)
3238634549;Lightness:;Jasność:;GUI (Glow-Filter)
2649180761;Contrast:;Kontrast:;GUI (Glow-Filter)
3106806549;Halftone;Półtony;GUI (Halftone-Filter)
1942036716;Strength:;Wartość:;GUI (Halftone-Filter)
516480171;Square bumps;Kwadratowa wypukłość;GUI (Squarebumps-Filter)
1218508875;Bump size:;Rozmiar wypukłości:;GUI (Squarebumps-Filter)
153723364;Shading:;Cieniowanie:;GUI (Squarebumps-Filter)
157023010;Canvas;Płótno;GUI (Canvas-Filter)
377112698;Direction:;Kierunek:;GUI (Canvas-Filter)
416371647;Top right;Prawy górny;GUI (Canvas-Filter)
3148265360;Top left;Lewy górny;GUI (Canvas-Filter)
245075657;Bottom left;Lewy dolny;GUI (Canvas-Filter)
408738972;Bottom right;Prawy dolny;GUI (Canvas-Filter)
1233851291;Portrait;Portret;GUI (Portrait-Filter)
4013235825;Softness:;Miękkość:;GUI (Portrait-Filter)
3131912388;Brightness:;Jasność:;GUI (Portrait-Filter)
2065344507;Warmness:;Ciepłota:;GUI (Portrait-Filter)
942355662;Dithering;Rozpraszanie;GUI (Dithering-Filter)
1900130474;Invert;Odwróć;GUI (Dithering-Filter)
585589468;Video;Wideo;GUI (Video-Filter)
1068197978;Style:;Styl:;GUI (Video-Filter)
1121640345;Staggered;Staggered;GUI (Video-Filter)
1424628551;Striped;Paski;GUI (Video-Filter)
4076278926;3x3;3x3;GUI (Video-Filter)
44689273;Dots;Kropki;GUI (Video-Filter)
3607355038;Photoshop® Plugin Host;Photoshop® Plugin Host;
359543318;An extension module to support the Adobe® Photoshop® Plugin format.;Moduł do obsługi wtyczek formatu Adobe® Photoshop®.;
3088345908;Plugins;Wtyczki;Preferences-GUI
2885381630;Load Adobe® Photoshop® compatible Plugins;Wczytaj wtyczki zgodne z Adobe® Photoshop®;Preferences-GUI
4273282745;Folder %d:;Folder %d:;Preferences-GUI
377291793;...;...;Preferences-GUI
2319510878;Threshold;Próg;
3890250829;Level:;Poziom:;GUI
864976119;Hue/Saturation;Barwa/Nasycenie;
1803025625;Edit:;Edytuj:;GUI
2587186175;Hue:;Barwa:;GUI
554932032;Saturation:;Nasycenie:;GUI
2445287101;Lightness:;Jasność:;GUI
4099004966;All;Wszystko;GUI
57532842;Reds;Czerwone;GUI
696745025;Yellows;Żółte;GUI
2078401613;Greens;Zielone;GUI
91153630;Cyans;Niebieskozielone;GUI
3612301981;Blues;Niebieskie;GUI
2025517687;Levels;Poziomy;
3919510479;Open;Otwórz;GUI
3618740414;Levels (*.Alv);Poziomy (*.Alv);GUI
289392384;Save;Zapisz;GUI
732774780;Auto;Automatyczne;GUI
1329855788;Channel:;Kanał:;GUI
609135031;RGB;RGB;GUI
1291474579;Red;Czerwony;GUI
3438072092;Green;Zielony;GUI
3641220778;Blue;Niebieski;GUI
1749365532;Input levels:;Poziomy wejścia:;GUI
46547347;Output levels:;Poziomy wyjścia:;GUI
1312486099;Curves;Krzywe;
879017737;Open;Otwórz;GUI
1026737147;Curves (*.Acv);Krzywe (*.Acv);GUI
1901933411;Save;Zapisz;GUI
1841851995;Channel:;Kanał:;GUI
1761900852;RGB;RGB;GUI
1621332862;Red;Czerwony;GUI
1853568680;Green;Zielony;GUI
2816196206;Blue;Niebieski;GUI
622821074;Show more options;Pokaż więcej opcji;GUI
1334495751;Baseline;Linia bazowa;GUI
4792340;Small grid;Mała siatka;GUI
1923005001;Histogram;Histogram;GUI
2056606472;Show all channels;Pokaż wszystkie kanały;GUI
1413378921;PNG;PNG;Format name, translation normally not needed
2144735900;Portable Network Graphics (*.Png);Portable Network Graphics (*.Png);
3426330833;24 bits/pixel;24 bity na piksel;GUI
10213600;32 bits/pixel;32 bity na piksel;GUI
1403989260;Color depth;Głębia koloru;GUI
4012768345;PNG options;Opcje PNG;GUI
2722482544;OpenRaster;OpenRaster;Format name, translation normally not needed
2621507495;An image format module that reads and writes the OpenRaster format.;Moduł odczytu i zapisu plików obrazu formatu OpenRaster.;
4157781996;OpenRaster (*.Ora);OpenRaster (*.Ora);
991669709;Do not show again;Nie pokazuj ponownie;GUI
2492328063;The document contains bitmap layers which are not supported by Artweaver. Those layers will be ignored.;Dokument zawiera warstwy, które nie są obsługiwane przez Artweaver. Warstwy te zostaną zignorowane.;GUI
2533369013;GIF;GIF;Format name, translation normally not needed
3080032343;GIF (*.Gif);GIF (*.Gif);
1265417067;An image format module that reads and writes the GIF format.;Moduł odczytu i zapisu plików obrazu formatu GIF.;
2853390871;Cannot save GIF animation because no layers are visible.;Nie można zapisać animacji GIF, ponieważ żadne warstwy nie są widoczne.;GUI
1764575314;GIF Options;Opcje GIF;GUI
399657092;Palette:;Paleta:;GUI
1329158377;Colors:;Kolory:;GUI
2208991737;Dither:;Przeplot:;GUI
582284435;Black and white;Czarny i biały;GUI
2236382282;Grayscale;Skala szarości;GUI
2081157522;Windows;Okna;GUI
711760848;Web;Sieć;GUI
3395214335;Optimized;Zoptymalizowane;GUI
1895987875;Background color;Kolor tła;GUI
1262485914;Custom color;Niestandardowy kolor;GUI
61663678;None;Żadne;GUI
2053689266;Diffusion;Dyfuzja;GUI
986909682;Pattern;Wzorzec;GUI
914611107;Noise;Szum;GUI
353206933;Interlace;Interpolacja;GUI
2510639647;Transparency;Przezroczystość;GUI
731115216;Show more options;Pokaż więcej opcji;GUI
1564194278;Save as animation;Zapisz jako animacja;GUI
2020132405;Delay:;Opóźnie:;GUI
3231418478;milliseconds;milisekund;GUI
3466737523;Loop;Zapętlanie;GUI
1600887927;Combine frames on playback;Połącz ramki przy odtwarzaniu;GUI
2413499388;SVG;SVG;Format name, translation normally not needed
103116482;An image format module that reads the SVG format.;Moduł odczytu i zapisu plików obrazu formatu SVG.;
3178441089;Scalable Vector Graphics (*.Svg);Scalable Vector Graphics (*.Svg);
819837481;Rasterize SVG Format;Rasteryzuj format SVG;GUI
3934941510;Document Size: %s;Rozmiar dokumentu: %s;GUI
2451747612;Width:;Szerokość:;GUI
630780060;Height:;Wysokość:;GUI
1250718156;Resolution:;Rozdzielczość:;GUI
1683588815;pixels/inch;pikseli/cal;GUI
1021528267;Constrain Proportions;Zachowaj proporcje;GUI
3175312698;WebP;WebP;Format name, translation normally not needed
3408191191;WebP (*.Webp);WebP (*.Webp);
568834526;An image format module that reads and writes the WebP format.;Moduł odczytu i zapisu plików obrazu formatu WebP.;
3070051722;This WebP file is not supported.;Ten plik WebP nie jest obsługiwany.;
3614082769;WebP options;Opcje WebP;GUI
2899797181;Compression;Kompresja;GUI
4121526165;Quality:;Jakość:;GUI
42876612;Lossless;Bezstratna;GUI
3315370872;Lossy;Stratna;GUI
1116324396;Transparency;Przezroczystość;GUI
790748193;Save EXIF data;Zapisz dane EXIF;GUI
3400162432;Clipboard;Schowek;
1334243855;Unsupported clipboard format or clipboard empty.;Nieobsługiwany format schowka lub schowek jest pusty.;
